observation_date,IRLTLT01DEM156N,IR3TIB01DEM156N,EXGEUS,EXUSEU,DEUCPIALLMINMEI,CP0000DEM086NEST,CP0000EZ19M086NEST,CPIAUCSL,GS10,TB3MS,USREC,IRLTLT01EZM156N
1854-12-01,,,,,,,,,,,1,
1855-01-01,,,,,,,,,,,0,
1855-02-01,,,,,,,,,,,0,
1855-03-01,,,,,,,,,,,0,
1855-04-01,,,,,,,,,,,0,
1855-05-01,,,,,,,,,,,0,
1855-06-01,,,,,,,,,,,0,
1855-07-01,,,,,,,,,,,0,
1855-08-01,,,,,,,,,,,0,
1855-09-01,,,,,,,,,,,0,
1855-10-01,,,,,,,,,,,0,
1855-11-01,,,,,,,,,,,0,
1855-12-01,,,,,,,,,,,0,
1856-01-01,,,,,,,,,,,0,
1856-02-01,,,,,,,,,,,0,
1856-03-01,,,,,,,,,,,0,
1856-04-01,,,,,,,,,,,0,
1856-05-01,,,,,,,,,,,0,
1856-06-01,,,,,,,,,,,0,
1856-07-01,,,,,,,,,,,0,
1856-08-01,,,,,,,,,,,0,
1856-09-01,,,,,,,,,,,0,
1856-10-01,,,,,,,,,,,0,
1856-11-01,,,,,,,,,,,0,
1856-12-01,,,,,,,,,,,0,
1857-01-01,,,,,,,,,,,0,
1857-02-01,,,,,,,,,,,0,
1857-03-01,,,,,,,,,,,0,
1857-04-01,,,,,,,,,,,0,
1857-05-01,,,,,,,,,,,0,
1857-06-01,,,,,,,,,,,0,
1857-07-01,,,,,,,,,,,1,
1857-08-01,,,,,,,,,,,1,
1857-09-01,,,,,,,,,,,1,
1857-10-01,,,,,,,,,,,1,
1857-11-01,,,,,,,,,,,1,
1857-12-01,,,,,,,,,,,1,
1858-01-01,,,,,,,,,,,1,
1858-02-01,,,,,,,,,,,1,
1858-03-01,,,,,,,,,,,1,
1858-04-01,,,,,,,,,,,1,
1858-05-01,,,,,,,,,,,1,
1858-06-01,,,,,,,,,,,1,
1858-07-01,,,,,,,,,,,1,
1858-08-01,,,,,,,,,,,1,
1858-09-01,,,,,,,,,,,1,
1858-10-01,,,,,,,,,,,1,
1858-11-01,,,,,,,,,,,1,
1858-12-01,,,,,,,,,,,1,
1859-01-01,,,,,,,,,,,0,
1859-02-01,,,,,,,,,,,0,
1859-03-01,,,,,,,,,,,0,
1859-04-01,,,,,,,,,,,0,
1859-05-01,,,,,,,,,,,0,
1859-06-01,,,,,,,,,,,0,
1859-07-01,,,,,,,,,,,0,
1859-08-01,,,,,,,,,,,0,
1859-09-01,,,,,,,,,,,0,
1859-10-01,,,,,,,,,,,0,
1859-11-01,,,,,,,,,,,0,
1859-12-01,,,,,,,,,,,0,
1860-01-01,,,,,,,,,,,0,
1860-02-01,,,,,,,,,,,0,
1860-03-01,,,,,,,,,,,0,
1860-04-01,,,,,,,,,,,0,
1860-05-01,,,,,,,,,,,0,
1860-06-01,,,,,,,,,,,0,
1860-07-01,,,,,,,,,,,0,
1860-08-01,,,,,,,,,,,0,
1860-09-01,,,,,,,,,,,0,
1860-10-01,,,,,,,,,,,0,
1860-11-01,,,,,,,,,,,1,
1860-12-01,,,,,,,,,,,1,
1861-01-01,,,,,,,,,,,1,
1861-02-01,,,,,,,,,,,1,
1861-03-01,,,,,,,,,,,1,
1861-04-01,,,,,,,,,,,1,
1861-05-01,,,,,,,,,,,1,
1861-06-01,,,,,,,,,,,1,
1861-07-01,,,,,,,,,,,0,
1861-08-01,,,,,,,,,,,0,
1861-09-01,,,,,,,,,,,0,
1861-10-01,,,,,,,,,,,0,
1861-11-01,,,,,,,,,,,0,
1861-12-01,,,,,,,,,,,0,
1862-01-01,,,,,,,,,,,0,
1862-02-01,,,,,,,,,,,0,
1862-03-01,,,,,,,,,,,0,
1862-04-01,,,,,,,,,,,0,
1862-05-01,,,,,,,,,,,0,
1862-06-01,,,,,,,,,,,0,
1862-07-01,,,,,,,,,,,0,
1862-08-01,,,,,,,,,,,0,
1862-09-01,,,,,,,,,,,0,
1862-10-01,,,,,,,,,,,0,
1862-11-01,,,,,,,,,,,0,
1862-12-01,,,,,,,,,,,0,
1863-01-01,,,,,,,,,,,0,
1863-02-01,,,,,,,,,,,0,
1863-03-01,,,,,,,,,,,0,
1863-04-01,,,,,,,,,,,0,
1863-05-01,,,,,,,,,,,0,
1863-06-01,,,,,,,,,,,0,
1863-07-01,,,,,,,,,,,0,
1863-08-01,,,,,,,,,,,0,
1863-09-01,,,,,,,,,,,0,
1863-10-01,,,,,,,,,,,0,
1863-11-01,,,,,,,,,,,0,
1863-12-01,,,,,,,,,,,0,
1864-01-01,,,,,,,,,,,0,
1864-02-01,,,,,,,,,,,0,
1864-03-01,,,,,,,,,,,0,
1864-04-01,,,,,,,,,,,0,
1864-05-01,,,,,,,,,,,0,
1864-06-01,,,,,,,,,,,0,
1864-07-01,,,,,,,,,,,0,
1864-08-01,,,,,,,,,,,0,
1864-09-01,,,,,,,,,,,0,
1864-10-01,,,,,,,,,,,0,
1864-11-01,,,,,,,,,,,0,
1864-12-01,,,,,,,,,,,0,
1865-01-01,,,,,,,,,,,0,
1865-02-01,,,,,,,,,,,0,
1865-03-01,,,,,,,,,,,0,
1865-04-01,,,,,,,,,,,0,
1865-05-01,,,,,,,,,,,1,
1865-06-01,,,,,,,,,,,1,
1865-07-01,,,,,,,,,,,1,
1865-08-01,,,,,,,,,,,1,
1865-09-01,,,,,,,,,,,1,
1865-10-01,,,,,,,,,,,1,
1865-11-01,,,,,,,,,,,1,
1865-12-01,,,,,,,,,,,1,
1866-01-01,,,,,,,,,,,1,
1866-02-01,,,,,,,,,,,1,
1866-03-01,,,,,,,,,,,1,
1866-04-01,,,,,,,,,,,1,
1866-05-01,,,,,,,,,,,1,
1866-06-01,,,,,,,,,,,1,
1866-07-01,,,,,,,,,,,1,
1866-08-01,,,,,,,,,,,1,
1866-09-01,,,,,,,,,,,1,
1866-10-01,,,,,,,,,,,1,
1866-11-01,,,,,,,,,,,1,
1866-12-01,,,,,,,,,,,1,
1867-01-01,,,,,,,,,,,1,
1867-02-01,,,,,,,,,,,1,
1867-03-01,,,,,,,,,,,1,
1867-04-01,,,,,,,,,,,1,
1867-05-01,,,,,,,,,,,1,
1867-06-01,,,,,,,,,,,1,
1867-07-01,,,,,,,,,,,1,
1867-08-01,,,,,,,,,,,1,
1867-09-01,,,,,,,,,,,1,
1867-10-01,,,,,,,,,,,1,
1867-11-01,,,,,,,,,,,1,
1867-12-01,,,,,,,,,,,1,
1868-01-01,,,,,,,,,,,0,
1868-02-01,,,,,,,,,,,0,
1868-03-01,,,,,,,,,,,0,
1868-04-01,,,,,,,,,,,0,
1868-05-01,,,,,,,,,,,0,
1868-06-01,,,,,,,,,,,0,
1868-07-01,,,,,,,,,,,0,
1868-08-01,,,,,,,,,,,0,
1868-09-01,,,,,,,,,,,0,
1868-10-01,,,,,,,,,,,0,
1868-11-01,,,,,,,,,,,0,
1868-12-01,,,,,,,,,,,0,
1869-01-01,,,,,,,,,,,0,
1869-02-01,,,,,,,,,,,0,
1869-03-01,,,,,,,,,,,0,
1869-04-01,,,,,,,,,,,0,
1869-05-01,,,,,,,,,,,0,
1869-06-01,,,,,,,,,,,0,
1869-07-01,,,,,,,,,,,1,
1869-08-01,,,,,,,,,,,1,
1869-09-01,,,,,,,,,,,1,
1869-10-01,,,,,,,,,,,1,
1869-11-01,,,,,,,,,,,1,
1869-12-01,,,,,,,,,,,1,
1870-01-01,,,,,,,,,,,1,
1870-02-01,,,,,,,,,,,1,
1870-03-01,,,,,,,,,,,1,
1870-04-01,,,,,,,,,,,1,
1870-05-01,,,,,,,,,,,1,
1870-06-01,,,,,,,,,,,1,
1870-07-01,,,,,,,,,,,1,
1870-08-01,,,,,,,,,,,1,
1870-09-01,,,,,,,,,,,1,
1870-10-01,,,,,,,,,,,1,
1870-11-01,,,,,,,,,,,1,
1870-12-01,,,,,,,,,,,1,
1871-01-01,,,,,,,,,,,0,
1871-02-01,,,,,,,,,,,0,
1871-03-01,,,,,,,,,,,0,
1871-04-01,,,,,,,,,,,0,
1871-05-01,,,,,,,,,,,0,
1871-06-01,,,,,,,,,,,0,
1871-07-01,,,,,,,,,,,0,
1871-08-01,,,,,,,,,,,0,
1871-09-01,,,,,,,,,,,0,
1871-10-01,,,,,,,,,,,0,
1871-11-01,,,,,,,,,,,0,
1871-12-01,,,,,,,,,,,0,
1872-01-01,,,,,,,,,,,0,
1872-02-01,,,,,,,,,,,0,
1872-03-01,,,,,,,,,,,0,
1872-04-01,,,,,,,,,,,0,
1872-05-01,,,,,,,,,,,0,
1872-06-01,,,,,,,,,,,0,
1872-07-01,,,,,,,,,,,0,
1872-08-01,,,,,,,,,,,0,
1872-09-01,,,,,,,,,,,0,
1872-10-01,,,,,,,,,,,0,
1872-11-01,,,,,,,,,,,0,
1872-12-01,,,,,,,,,,,0,
1873-01-01,,,,,,,,,,,0,
1873-02-01,,,,,,,,,,,0,
1873-03-01,,,,,,,,,,,0,
1873-04-01,,,,,,,,,,,0,
1873-05-01,,,,,,,,,,,0,
1873-06-01,,,,,,,,,,,0,
1873-07-01,,,,,,,,,,,0,
1873-08-01,,,,,,,,,,,0,
1873-09-01,,,,,,,,,,,0,
1873-10-01,,,,,,,,,,,0,
1873-11-01,,,,,,,,,,,1,
1873-12-01,,,,,,,,,,,1,
1874-01-01,,,,,,,,,,,1,
1874-02-01,,,,,,,,,,,1,
1874-03-01,,,,,,,,,,,1,
1874-04-01,,,,,,,,,,,1,
1874-05-01,,,,,,,,,,,1,
1874-06-01,,,,,,,,,,,1,
1874-07-01,,,,,,,,,,,1,
1874-08-01,,,,,,,,,,,1,
1874-09-01,,,,,,,,,,,1,
1874-10-01,,,,,,,,,,,1,
1874-11-01,,,,,,,,,,,1,
1874-12-01,,,,,,,,,,,1,
1875-01-01,,,,,,,,,,,1,
1875-02-01,,,,,,,,,,,1,
1875-03-01,,,,,,,,,,,1,
1875-04-01,,,,,,,,,,,1,
1875-05-01,,,,,,,,,,,1,
1875-06-01,,,,,,,,,,,1,
1875-07-01,,,,,,,,,,,1,
1875-08-01,,,,,,,,,,,1,
1875-09-01,,,,,,,,,,,1,
1875-10-01,,,,,,,,,,,1,
1875-11-01,,,,,,,,,,,1,
1875-12-01,,,,,,,,,,,1,
1876-01-01,,,,,,,,,,,1,
1876-02-01,,,,,,,,,,,1,
1876-03-01,,,,,,,,,,,1,
1876-04-01,,,,,,,,,,,1,
1876-05-01,,,,,,,,,,,1,
1876-06-01,,,,,,,,,,,1,
1876-07-01,,,,,,,,,,,1,
1876-08-01,,,,,,,,,,,1,
1876-09-01,,,,,,,,,,,1,
1876-10-01,,,,,,,,,,,1,
1876-11-01,,,,,,,,,,,1,
1876-12-01,,,,,,,,,,,1,
1877-01-01,,,,,,,,,,,1,
1877-02-01,,,,,,,,,,,1,
1877-03-01,,,,,,,,,,,1,
1877-04-01,,,,,,,,,,,1,
1877-05-01,,,,,,,,,,,1,
1877-06-01,,,,,,,,,,,1,
1877-07-01,,,,,,,,,,,1,
1877-08-01,,,,,,,,,,,1,
1877-09-01,,,,,,,,,,,1,
1877-10-01,,,,,,,,,,,1,
1877-11-01,,,,,,,,,,,1,
1877-12-01,,,,,,,,,,,1,
1878-01-01,,,,,,,,,,,1,
1878-02-01,,,,,,,,,,,1,
1878-03-01,,,,,,,,,,,1,
1878-04-01,,,,,,,,,,,1,
1878-05-01,,,,,,,,,,,1,
1878-06-01,,,,,,,,,,,1,
1878-07-01,,,,,,,,,,,1,
1878-08-01,,,,,,,,,,,1,
1878-09-01,,,,,,,,,,,1,
1878-10-01,,,,,,,,,,,1,
1878-11-01,,,,,,,,,,,1,
1878-12-01,,,,,,,,,,,1,
1879-01-01,,,,,,,,,,,1,
1879-02-01,,,,,,,,,,,1,
1879-03-01,,,,,,,,,,,1,
1879-04-01,,,,,,,,,,,0,
1879-05-01,,,,,,,,,,,0,
1879-06-01,,,,,,,,,,,0,
1879-07-01,,,,,,,,,,,0,
1879-08-01,,,,,,,,,,,0,
1879-09-01,,,,,,,,,,,0,
1879-10-01,,,,,,,,,,,0,
1879-11-01,,,,,,,,,,,0,
1879-12-01,,,,,,,,,,,0,
1880-01-01,,,,,,,,,,,0,
1880-02-01,,,,,,,,,,,0,
1880-03-01,,,,,,,,,,,0,
1880-04-01,,,,,,,,,,,0,
1880-05-01,,,,,,,,,,,0,
1880-06-01,,,,,,,,,,,0,
1880-07-01,,,,,,,,,,,0,
1880-08-01,,,,,,,,,,,0,
1880-09-01,,,,,,,,,,,0,
1880-10-01,,,,,,,,,,,0,
1880-11-01,,,,,,,,,,,0,
1880-12-01,,,,,,,,,,,0,
1881-01-01,,,,,,,,,,,0,
1881-02-01,,,,,,,,,,,0,
1881-03-01,,,,,,,,,,,0,
1881-04-01,,,,,,,,,,,0,
1881-05-01,,,,,,,,,,,0,
1881-06-01,,,,,,,,,,,0,
1881-07-01,,,,,,,,,,,0,
1881-08-01,,,,,,,,,,,0,
1881-09-01,,,,,,,,,,,0,
1881-10-01,,,,,,,,,,,0,
1881-11-01,,,,,,,,,,,0,
1881-12-01,,,,,,,,,,,0,
1882-01-01,,,,,,,,,,,0,
1882-02-01,,,,,,,,,,,0,
1882-03-01,,,,,,,,,,,0,
1882-04-01,,,,,,,,,,,1,
1882-05-01,,,,,,,,,,,1,
1882-06-01,,,,,,,,,,,1,
1882-07-01,,,,,,,,,,,1,
1882-08-01,,,,,,,,,,,1,
1882-09-01,,,,,,,,,,,1,
1882-10-01,,,,,,,,,,,1,
1882-11-01,,,,,,,,,,,1,
1882-12-01,,,,,,,,,,,1,
1883-01-01,,,,,,,,,,,1,
1883-02-01,,,,,,,,,,,1,
1883-03-01,,,,,,,,,,,1,
1883-04-01,,,,,,,,,,,1,
1883-05-01,,,,,,,,,,,1,
1883-06-01,,,,,,,,,,,1,
1883-07-01,,,,,,,,,,,1,
1883-08-01,,,,,,,,,,,1,
1883-09-01,,,,,,,,,,,1,
1883-10-01,,,,,,,,,,,1,
1883-11-01,,,,,,,,,,,1,
1883-12-01,,,,,,,,,,,1,
1884-01-01,,,,,,,,,,,1,
1884-02-01,,,,,,,,,,,1,
1884-03-01,,,,,,,,,,,1,
1884-04-01,,,,,,,,,,,1,
1884-05-01,,,,,,,,,,,1,
1884-06-01,,,,,,,,,,,1,
1884-07-01,,,,,,,,,,,1,
1884-08-01,,,,,,,,,,,1,
1884-09-01,,,,,,,,,,,1,
1884-10-01,,,,,,,,,,,1,
1884-11-01,,,,,,,,,,,1,
1884-12-01,,,,,,,,,,,1,
1885-01-01,,,,,,,,,,,1,
1885-02-01,,,,,,,,,,,1,
1885-03-01,,,,,,,,,,,1,
1885-04-01,,,,,,,,,,,1,
1885-05-01,,,,,,,,,,,1,
1885-06-01,,,,,,,,,,,0,
1885-07-01,,,,,,,,,,,0,
1885-08-01,,,,,,,,,,,0,
1885-09-01,,,,,,,,,,,0,
1885-10-01,,,,,,,,,,,0,
1885-11-01,,,,,,,,,,,0,
1885-12-01,,,,,,,,,,,0,
1886-01-01,,,,,,,,,,,0,
1886-02-01,,,,,,,,,,,0,
1886-03-01,,,,,,,,,,,0,
1886-04-01,,,,,,,,,,,0,
1886-05-01,,,,,,,,,,,0,
1886-06-01,,,,,,,,,,,0,
1886-07-01,,,,,,,,,,,0,
1886-08-01,,,,,,,,,,,0,
1886-09-01,,,,,,,,,,,0,
1886-10-01,,,,,,,,,,,0,
1886-11-01,,,,,,,,,,,0,
1886-12-01,,,,,,,,,,,0,
1887-01-01,,,,,,,,,,,0,
1887-02-01,,,,,,,,,,,0,
1887-03-01,,,,,,,,,,,0,
1887-04-01,,,,,,,,,,,1,
1887-05-01,,,,,,,,,,,1,
1887-06-01,,,,,,,,,,,1,
1887-07-01,,,,,,,,,,,1,
1887-08-01,,,,,,,,,,,1,
1887-09-01,,,,,,,,,,,1,
1887-10-01,,,,,,,,,,,1,
1887-11-01,,,,,,,,,,,1,
1887-12-01,,,,,,,,,,,1,
1888-01-01,,,,,,,,,,,1,
1888-02-01,,,,,,,,,,,1,
1888-03-01,,,,,,,,,,,1,
1888-04-01,,,,,,,,,,,1,
1888-05-01,,,,,,,,,,,0,
1888-06-01,,,,,,,,,,,0,
1888-07-01,,,,,,,,,,,0,
1888-08-01,,,,,,,,,,,0,
1888-09-01,,,,,,,,,,,0,
1888-10-01,,,,,,,,,,,0,
1888-11-01,,,,,,,,,,,0,
1888-12-01,,,,,,,,,,,0,
1889-01-01,,,,,,,,,,,0,
1889-02-01,,,,,,,,,,,0,
1889-03-01,,,,,,,,,,,0,
1889-04-01,,,,,,,,,,,0,
1889-05-01,,,,,,,,,,,0,
1889-06-01,,,,,,,,,,,0,
1889-07-01,,,,,,,,,,,0,
1889-08-01,,,,,,,,,,,0,
1889-09-01,,,,,,,,,,,0,
1889-10-01,,,,,,,,,,,0,
1889-11-01,,,,,,,,,,,0,
1889-12-01,,,,,,,,,,,0,
1890-01-01,,,,,,,,,,,0,
1890-02-01,,,,,,,,,,,0,
1890-03-01,,,,,,,,,,,0,
1890-04-01,,,,,,,,,,,0,
1890-05-01,,,,,,,,,,,0,
1890-06-01,,,,,,,,,,,0,
1890-07-01,,,,,,,,,,,0,
1890-08-01,,,,,,,,,,,1,
1890-09-01,,,,,,,,,,,1,
1890-10-01,,,,,,,,,,,1,
1890-11-01,,,,,,,,,,,1,
1890-12-01,,,,,,,,,,,1,
1891-01-01,,,,,,,,,,,1,
1891-02-01,,,,,,,,,,,1,
1891-03-01,,,,,,,,,,,1,
1891-04-01,,,,,,,,,,,1,
1891-05-01,,,,,,,,,,,1,
1891-06-01,,,,,,,,,,,0,
1891-07-01,,,,,,,,,,,0,
1891-08-01,,,,,,,,,,,0,
1891-09-01,,,,,,,,,,,0,
1891-10-01,,,,,,,,,,,0,
1891-11-01,,,,,,,,,,,0,
1891-12-01,,,,,,,,,,,0,
1892-01-01,,,,,,,,,,,0,
1892-02-01,,,,,,,,,,,0,
1892-03-01,,,,,,,,,,,0,
1892-04-01,,,,,,,,,,,0,
1892-05-01,,,,,,,,,,,0,
1892-06-01,,,,,,,,,,,0,
1892-07-01,,,,,,,,,,,0,
1892-08-01,,,,,,,,,,,0,
1892-09-01,,,,,,,,,,,0,
1892-10-01,,,,,,,,,,,0,
1892-11-01,,,,,,,,,,,0,
1892-12-01,,,,,,,,,,,0,
1893-01-01,,,,,,,,,,,0,
1893-02-01,,,,,,,,,,,1,
1893-03-01,,,,,,,,,,,1,
1893-04-01,,,,,,,,,,,1,
1893-05-01,,,,,,,,,,,1,
1893-06-01,,,,,,,,,,,1,
1893-07-01,,,,,,,,,,,1,
1893-08-01,,,,,,,,,,,1,
1893-09-01,,,,,,,,,,,1,
1893-10-01,,,,,,,,,,,1,
1893-11-01,,,,,,,,,,,1,
1893-12-01,,,,,,,,,,,1,
1894-01-01,,,,,,,,,,,1,
1894-02-01,,,,,,,,,,,1,
1894-03-01,,,,,,,,,,,1,
1894-04-01,,,,,,,,,,,1,
1894-05-01,,,,,,,,,,,1,
1894-06-01,,,,,,,,,,,1,
1894-07-01,,,,,,,,,,,0,
1894-08-01,,,,,,,,,,,0,
1894-09-01,,,,,,,,,,,0,
1894-10-01,,,,,,,,,,,0,
1894-11-01,,,,,,,,,,,0,
1894-12-01,,,,,,,,,,,0,
1895-01-01,,,,,,,,,,,0,
1895-02-01,,,,,,,,,,,0,
1895-03-01,,,,,,,,,,,0,
1895-04-01,,,,,,,,,,,0,
1895-05-01,,,,,,,,,,,0,
1895-06-01,,,,,,,,,,,0,
1895-07-01,,,,,,,,,,,0,
1895-08-01,,,,,,,,,,,0,
1895-09-01,,,,,,,,,,,0,
1895-10-01,,,,,,,,,,,0,
1895-11-01,,,,,,,,,,,0,
1895-12-01,,,,,,,,,,,0,
1896-01-01,,,,,,,,,,,1,
1896-02-01,,,,,,,,,,,1,
1896-03-01,,,,,,,,,,,1,
1896-04-01,,,,,,,,,,,1,
1896-05-01,,,,,,,,,,,1,
1896-06-01,,,,,,,,,,,1,
1896-07-01,,,,,,,,,,,1,
1896-08-01,,,,,,,,,,,1,
1896-09-01,,,,,,,,,,,1,
1896-10-01,,,,,,,,,,,1,
1896-11-01,,,,,,,,,,,1,
1896-12-01,,,,,,,,,,,1,
1897-01-01,,,,,,,,,,,1,
1897-02-01,,,,,,,,,,,1,
1897-03-01,,,,,,,,,,,1,
1897-04-01,,,,,,,,,,,1,
1897-05-01,,,,,,,,,,,1,
1897-06-01,,,,,,,,,,,1,
1897-07-01,,,,,,,,,,,0,
1897-08-01,,,,,,,,,,,0,
1897-09-01,,,,,,,,,,,0,
1897-10-01,,,,,,,,,,,0,
1897-11-01,,,,,,,,,,,0,
1897-12-01,,,,,,,,,,,0,
1898-01-01,,,,,,,,,,,0,
1898-02-01,,,,,,,,,,,0,
1898-03-01,,,,,,,,,,,0,
1898-04-01,,,,,,,,,,,0,
1898-05-01,,,,,,,,,,,0,
1898-06-01,,,,,,,,,,,0,
1898-07-01,,,,,,,,,,,0,
1898-08-01,,,,,,,,,,,0,
1898-09-01,,,,,,,,,,,0,
1898-10-01,,,,,,,,,,,0,
1898-11-01,,,,,,,,,,,0,
1898-12-01,,,,,,,,,,,0,
1899-01-01,,,,,,,,,,,0,
1899-02-01,,,,,,,,,,,0,
1899-03-01,,,,,,,,,,,0,
1899-04-01,,,,,,,,,,,0,
1899-05-01,,,,,,,,,,,0,
1899-06-01,,,,,,,,,,,0,
1899-07-01,,,,,,,,,,,1,
1899-08-01,,,,,,,,,,,1,
1899-09-01,,,,,,,,,,,1,
1899-10-01,,,,,,,,,,,1,
1899-11-01,,,,,,,,,,,1,
1899-12-01,,,,,,,,,,,1,
1900-01-01,,,,,,,,,,,1,
1900-02-01,,,,,,,,,,,1,
1900-03-01,,,,,,,,,,,1,
1900-04-01,,,,,,,,,,,1,
1900-05-01,,,,,,,,,,,1,
1900-06-01,,,,,,,,,,,1,
1900-07-01,,,,,,,,,,,1,
1900-08-01,,,,,,,,,,,1,
1900-09-01,,,,,,,,,,,1,
1900-10-01,,,,,,,,,,,1,
1900-11-01,,,,,,,,,,,1,
1900-12-01,,,,,,,,,,,1,
1901-01-01,,,,,,,,,,,0,
1901-02-01,,,,,,,,,,,0,
1901-03-01,,,,,,,,,,,0,
1901-04-01,,,,,,,,,,,0,
1901-05-01,,,,,,,,,,,0,
1901-06-01,,,,,,,,,,,0,
1901-07-01,,,,,,,,,,,0,
1901-08-01,,,,,,,,,,,0,
1901-09-01,,,,,,,,,,,0,
1901-10-01,,,,,,,,,,,0,
1901-11-01,,,,,,,,,,,0,
1901-12-01,,,,,,,,,,,0,
1902-01-01,,,,,,,,,,,0,
1902-02-01,,,,,,,,,,,0,
1902-03-01,,,,,,,,,,,0,
1902-04-01,,,,,,,,,,,0,
1902-05-01,,,,,,,,,,,0,
1902-06-01,,,,,,,,,,,0,
1902-07-01,,,,,,,,,,,0,
1902-08-01,,,,,,,,,,,0,
1902-09-01,,,,,,,,,,,0,
1902-10-01,,,,,,,,,,,1,
1902-11-01,,,,,,,,,,,1,
1902-12-01,,,,,,,,,,,1,
1903-01-01,,,,,,,,,,,1,
1903-02-01,,,,,,,,,,,1,
1903-03-01,,,,,,,,,,,1,
1903-04-01,,,,,,,,,,,1,
1903-05-01,,,,,,,,,,,1,
1903-06-01,,,,,,,,,,,1,
1903-07-01,,,,,,,,,,,1,
1903-08-01,,,,,,,,,,,1,
1903-09-01,,,,,,,,,,,1,
1903-10-01,,,,,,,,,,,1,
1903-11-01,,,,,,,,,,,1,
1903-12-01,,,,,,,,,,,1,
1904-01-01,,,,,,,,,,,1,
1904-02-01,,,,,,,,,,,1,
1904-03-01,,,,,,,,,,,1,
1904-04-01,,,,,,,,,,,1,
1904-05-01,,,,,,,,,,,1,
1904-06-01,,,,,,,,,,,1,
1904-07-01,,,,,,,,,,,1,
1904-08-01,,,,,,,,,,,1,
1904-09-01,,,,,,,,,,,0,
1904-10-01,,,,,,,,,,,0,
1904-11-01,,,,,,,,,,,0,
1904-12-01,,,,,,,,,,,0,
1905-01-01,,,,,,,,,,,0,
1905-02-01,,,,,,,,,,,0,
1905-03-01,,,,,,,,,,,0,
1905-04-01,,,,,,,,,,,0,
1905-05-01,,,,,,,,,,,0,
1905-06-01,,,,,,,,,,,0,
1905-07-01,,,,,,,,,,,0,
1905-08-01,,,,,,,,,,,0,
1905-09-01,,,,,,,,,,,0,
1905-10-01,,,,,,,,,,,0,
1905-11-01,,,,,,,,,,,0,
1905-12-01,,,,,,,,,,,0,
1906-01-01,,,,,,,,,,,0,
1906-02-01,,,,,,,,,,,0,
1906-03-01,,,,,,,,,,,0,
1906-04-01,,,,,,,,,,,0,
1906-05-01,,,,,,,,,,,0,
1906-06-01,,,,,,,,,,,0,
1906-07-01,,,,,,,,,,,0,
1906-08-01,,,,,,,,,,,0,
1906-09-01,,,,,,,,,,,0,
1906-10-01,,,,,,,,,,,0,
1906-11-01,,,,,,,,,,,0,
1906-12-01,,,,,,,,,,,0,
1907-01-01,,,,,,,,,,,0,
1907-02-01,,,,,,,,,,,0,
1907-03-01,,,,,,,,,,,0,
1907-04-01,,,,,,,,,,,0,
1907-05-01,,,,,,,,,,,0,
1907-06-01,,,,,,,,,,,1,
1907-07-01,,,,,,,,,,,1,
1907-08-01,,,,,,,,,,,1,
1907-09-01,,,,,,,,,,,1,
1907-10-01,,,,,,,,,,,1,
1907-11-01,,,,,,,,,,,1,
1907-12-01,,,,,,,,,,,1,
1908-01-01,,,,,,,,,,,1,
1908-02-01,,,,,,,,,,,1,
1908-03-01,,,,,,,,,,,1,
1908-04-01,,,,,,,,,,,1,
1908-05-01,,,,,,,,,,,1,
1908-06-01,,,,,,,,,,,1,
1908-07-01,,,,,,,,,,,0,
1908-08-01,,,,,,,,,,,0,
1908-09-01,,,,,,,,,,,0,
1908-10-01,,,,,,,,,,,0,
1908-11-01,,,,,,,,,,,0,
1908-12-01,,,,,,,,,,,0,
1909-01-01,,,,,,,,,,,0,
1909-02-01,,,,,,,,,,,0,
1909-03-01,,,,,,,,,,,0,
1909-04-01,,,,,,,,,,,0,
1909-05-01,,,,,,,,,,,0,
1909-06-01,,,,,,,,,,,0,
1909-07-01,,,,,,,,,,,0,
1909-08-01,,,,,,,,,,,0,
1909-09-01,,,,,,,,,,,0,
1909-10-01,,,,,,,,,,,0,
1909-11-01,,,,,,,,,,,0,
1909-12-01,,,,,,,,,,,0,
1910-01-01,,,,,,,,,,,0,
1910-02-01,,,,,,,,,,,1,
1910-03-01,,,,,,,,,,,1,
1910-04-01,,,,,,,,,,,1,
1910-05-01,,,,,,,,,,,1,
1910-06-01,,,,,,,,,,,1,
1910-07-01,,,,,,,,,,,1,
1910-08-01,,,,,,,,,,,1,
1910-09-01,,,,,,,,,,,1,
1910-10-01,,,,,,,,,,,1,
1910-11-01,,,,,,,,,,,1,
1910-12-01,,,,,,,,,,,1,
1911-01-01,,,,,,,,,,,1,
1911-02-01,,,,,,,,,,,1,
1911-03-01,,,,,,,,,,,1,
1911-04-01,,,,,,,,,,,1,
1911-05-01,,,,,,,,,,,1,
1911-06-01,,,,,,,,,,,1,
1911-07-01,,,,,,,,,,,1,
1911-08-01,,,,,,,,,,,1,
1911-09-01,,,,,,,,,,,1,
1911-10-01,,,,,,,,,,,1,
1911-11-01,,,,,,,,,,,1,
1911-12-01,,,,,,,,,,,1,
1912-01-01,,,,,,,,,,,1,
1912-02-01,,,,,,,,,,,0,
1912-03-01,,,,,,,,,,,0,
1912-04-01,,,,,,,,,,,0,
1912-05-01,,,,,,,,,,,0,
1912-06-01,,,,,,,,,,,0,
1912-07-01,,,,,,,,,,,0,
1912-08-01,,,,,,,,,,,0,
1912-09-01,,,,,,,,,,,0,
1912-10-01,,,,,,,,,,,0,
1912-11-01,,,,,,,,,,,0,
1912-12-01,,,,,,,,,,,0,
1913-01-01,,,,,,,,,,,0,
1913-02-01,,,,,,,,,,,1,
1913-03-01,,,,,,,,,,,1,
1913-04-01,,,,,,,,,,,1,
1913-05-01,,,,,,,,,,,1,
1913-06-01,,,,,,,,,,,1,
1913-07-01,,,,,,,,,,,1,
1913-08-01,,,,,,,,,,,1,
1913-09-01,,,,,,,,,,,1,
1913-10-01,,,,,,,,,,,1,
1913-11-01,,,,,,,,,,,1,
1913-12-01,,,,,,,,,,,1,
1914-01-01,,,,,,,,,,,1,
1914-02-01,,,,,,,,,,,1,
1914-03-01,,,,,,,,,,,1,
1914-04-01,,,,,,,,,,,1,
1914-05-01,,,,,,,,,,,1,
1914-06-01,,,,,,,,,,,1,
1914-07-01,,,,,,,,,,,1,
1914-08-01,,,,,,,,,,,1,
1914-09-01,,,,,,,,,,,1,
1914-10-01,,,,,,,,,,,1,
1914-11-01,,,,,,,,,,,1,
1914-12-01,,,,,,,,,,,1,
1915-01-01,,,,,,,,,,,0,
1915-02-01,,,,,,,,,,,0,
1915-03-01,,,,,,,,,,,0,
1915-04-01,,,,,,,,,,,0,
1915-05-01,,,,,,,,,,,0,
1915-06-01,,,,,,,,,,,0,
1915-07-01,,,,,,,,,,,0,
1915-08-01,,,,,,,,,,,0,
1915-09-01,,,,,,,,,,,0,
1915-10-01,,,,,,,,,,,0,
1915-11-01,,,,,,,,,,,0,
1915-12-01,,,,,,,,,,,0,
1916-01-01,,,,,,,,,,,0,
1916-02-01,,,,,,,,,,,0,
1916-03-01,,,,,,,,,,,0,
1916-04-01,,,,,,,,,,,0,
1916-05-01,,,,,,,,,,,0,
1916-06-01,,,,,,,,,,,0,
1916-07-01,,,,,,,,,,,0,
1916-08-01,,,,,,,,,,,0,
1916-09-01,,,,,,,,,,,0,
1916-10-01,,,,,,,,,,,0,
1916-11-01,,,,,,,,,,,0,
1916-12-01,,,,,,,,,,,0,
1917-01-01,,,,,,,,,,,0,
1917-02-01,,,,,,,,,,,0,
1917-03-01,,,,,,,,,,,0,
1917-04-01,,,,,,,,,,,0,
1917-05-01,,,,,,,,,,,0,
1917-06-01,,,,,,,,,,,0,
1917-07-01,,,,,,,,,,,0,
1917-08-01,,,,,,,,,,,0,
1917-09-01,,,,,,,,,,,0,
1917-10-01,,,,,,,,,,,0,
1917-11-01,,,,,,,,,,,0,
1917-12-01,,,,,,,,,,,0,
1918-01-01,,,,,,,,,,,0,
1918-02-01,,,,,,,,,,,0,
1918-03-01,,,,,,,,,,,0,
1918-04-01,,,,,,,,,,,0,
1918-05-01,,,,,,,,,,,0,
1918-06-01,,,,,,,,,,,0,
1918-07-01,,,,,,,,,,,0,
1918-08-01,,,,,,,,,,,0,
1918-09-01,,,,,,,,,,,1,
1918-10-01,,,,,,,,,,,1,
1918-11-01,,,,,,,,,,,1,
1918-12-01,,,,,,,,,,,1,
1919-01-01,,,,,,,,,,,1,
1919-02-01,,,,,,,,,,,1,
1919-03-01,,,,,,,,,,,1,
1919-04-01,,,,,,,,,,,0,
1919-05-01,,,,,,,,,,,0,
1919-06-01,,,,,,,,,,,0,
1919-07-01,,,,,,,,,,,0,
1919-08-01,,,,,,,,,,,0,
1919-09-01,,,,,,,,,,,0,
1919-10-01,,,,,,,,,,,0,
1919-11-01,,,,,,,,,,,0,
1919-12-01,,,,,,,,,,,0,
1920-01-01,,,,,,,,,,,0,
1920-02-01,,,,,,,,,,,1,
1920-03-01,,,,,,,,,,,1,
1920-04-01,,,,,,,,,,,1,
1920-05-01,,,,,,,,,,,1,
1920-06-01,,,,,,,,,,,1,
1920-07-01,,,,,,,,,,,1,
1920-08-01,,,,,,,,,,,1,
1920-09-01,,,,,,,,,,,1,
1920-10-01,,,,,,,,,,,1,
1920-11-01,,,,,,,,,,,1,
1920-12-01,,,,,,,,,,,1,
1921-01-01,,,,,,,,,,,1,
1921-02-01,,,,,,,,,,,1,
1921-03-01,,,,,,,,,,,1,
1921-04-01,,,,,,,,,,,1,
1921-05-01,,,,,,,,,,,1,
1921-06-01,,,,,,,,,,,1,
1921-07-01,,,,,,,,,,,1,
1921-08-01,,,,,,,,,,,0,
1921-09-01,,,,,,,,,,,0,
1921-10-01,,,,,,,,,,,0,
1921-11-01,,,,,,,,,,,0,
1921-12-01,,,,,,,,,,,0,
1922-01-01,,,,,,,,,,,0,
1922-02-01,,,,,,,,,,,0,
1922-03-01,,,,,,,,,,,0,
1922-04-01,,,,,,,,,,,0,
1922-05-01,,,,,,,,,,,0,
1922-06-01,,,,,,,,,,,0,
1922-07-01,,,,,,,,,,,0,
1922-08-01,,,,,,,,,,,0,
1922-09-01,,,,,,,,,,,0,
1922-10-01,,,,,,,,,,,0,
1922-11-01,,,,,,,,,,,0,
1922-12-01,,,,,,,,,,,0,
1923-01-01,,,,,,,,,,,0,
1923-02-01,,,,,,,,,,,0,
1923-03-01,,,,,,,,,,,0,
1923-04-01,,,,,,,,,,,0,
1923-05-01,,,,,,,,,,,0,
1923-06-01,,,,,,,,,,,1,
1923-07-01,,,,,,,,,,,1,
1923-08-01,,,,,,,,,,,1,
1923-09-01,,,,,,,,,,,1,
1923-10-01,,,,,,,,,,,1,
1923-11-01,,,,,,,,,,,1,
1923-12-01,,,,,,,,,,,1,
1924-01-01,,,,,,,,,,,1,
1924-02-01,,,,,,,,,,,1,
1924-03-01,,,,,,,,,,,1,
1924-04-01,,,,,,,,,,,1,
1924-05-01,,,,,,,,,,,1,
1924-06-01,,,,,,,,,,,1,
1924-07-01,,,,,,,,,,,1,
1924-08-01,,,,,,,,,,,0,
1924-09-01,,,,,,,,,,,0,
1924-10-01,,,,,,,,,,,0,
1924-11-01,,,,,,,,,,,0,
1924-12-01,,,,,,,,,,,0,
1925-01-01,,,,,,,,,,,0,
1925-02-01,,,,,,,,,,,0,
1925-03-01,,,,,,,,,,,0,
1925-04-01,,,,,,,,,,,0,
1925-05-01,,,,,,,,,,,0,
1925-06-01,,,,,,,,,,,0,
1925-07-01,,,,,,,,,,,0,
1925-08-01,,,,,,,,,,,0,
1925-09-01,,,,,,,,,,,0,
1925-10-01,,,,,,,,,,,0,
1925-11-01,,,,,,,,,,,0,
1925-12-01,,,,,,,,,,,0,
1926-01-01,,,,,,,,,,,0,
1926-02-01,,,,,,,,,,,0,
1926-03-01,,,,,,,,,,,0,
1926-04-01,,,,,,,,,,,0,
1926-05-01,,,,,,,,,,,0,
1926-06-01,,,,,,,,,,,0,
1926-07-01,,,,,,,,,,,0,
1926-08-01,,,,,,,,,,,0,
1926-09-01,,,,,,,,,,,0,
1926-10-01,,,,,,,,,,,0,
1926-11-01,,,,,,,,,,,1,
1926-12-01,,,,,,,,,,,1,
1927-01-01,,,,,,,,,,,1,
1927-02-01,,,,,,,,,,,1,
1927-03-01,,,,,,,,,,,1,
1927-04-01,,,,,,,,,,,1,
1927-05-01,,,,,,,,,,,1,
1927-06-01,,,,,,,,,,,1,
1927-07-01,,,,,,,,,,,1,
1927-08-01,,,,,,,,,,,1,
1927-09-01,,,,,,,,,,,1,
1927-10-01,,,,,,,,,,,1,
1927-11-01,,,,,,,,,,,1,
1927-12-01,,,,,,,,,,,0,
1928-01-01,,,,,,,,,,,0,
1928-02-01,,,,,,,,,,,0,
1928-03-01,,,,,,,,,,,0,
1928-04-01,,,,,,,,,,,0,
1928-05-01,,,,,,,,,,,0,
1928-06-01,,,,,,,,,,,0,
1928-07-01,,,,,,,,,,,0,
1928-08-01,,,,,,,,,,,0,
1928-09-01,,,,,,,,,,,0,
1928-10-01,,,,,,,,,,,0,
1928-11-01,,,,,,,,,,,0,
1928-12-01,,,,,,,,,,,0,
1929-01-01,,,,,,,,,,,0,
1929-02-01,,,,,,,,,,,0,
1929-03-01,,,,,,,,,,,0,
1929-04-01,,,,,,,,,,,0,
1929-05-01,,,,,,,,,,,0,
1929-06-01,,,,,,,,,,,0,
1929-07-01,,,,,,,,,,,0,
1929-08-01,,,,,,,,,,,0,
1929-09-01,,,,,,,,,,,1,
1929-10-01,,,,,,,,,,,1,
1929-11-01,,,,,,,,,,,1,
1929-12-01,,,,,,,,,,,1,
1930-01-01,,,,,,,,,,,1,
1930-02-01,,,,,,,,,,,1,
1930-03-01,,,,,,,,,,,1,
1930-04-01,,,,,,,,,,,1,
1930-05-01,,,,,,,,,,,1,
1930-06-01,,,,,,,,,,,1,
1930-07-01,,,,,,,,,,,1,
1930-08-01,,,,,,,,,,,1,
1930-09-01,,,,,,,,,,,1,
1930-10-01,,,,,,,,,,,1,
1930-11-01,,,,,,,,,,,1,
1930-12-01,,,,,,,,,,,1,
1931-01-01,,,,,,,,,,,1,
1931-02-01,,,,,,,,,,,1,
1931-03-01,,,,,,,,,,,1,
1931-04-01,,,,,,,,,,,1,
1931-05-01,,,,,,,,,,,1,
1931-06-01,,,,,,,,,,,1,
1931-07-01,,,,,,,,,,,1,
1931-08-01,,,,,,,,,,,1,
1931-09-01,,,,,,,,,,,1,
1931-10-01,,,,,,,,,,,1,
1931-11-01,,,,,,,,,,,1,
1931-12-01,,,,,,,,,,,1,
1932-01-01,,,,,,,,,,,1,
1932-02-01,,,,,,,,,,,1,
1932-03-01,,,,,,,,,,,1,
1932-04-01,,,,,,,,,,,1,
1932-05-01,,,,,,,,,,,1,
1932-06-01,,,,,,,,,,,1,
1932-07-01,,,,,,,,,,,1,
1932-08-01,,,,,,,,,,,1,
1932-09-01,,,,,,,,,,,1,
1932-10-01,,,,,,,,,,,1,
1932-11-01,,,,,,,,,,,1,
1932-12-01,,,,,,,,,,,1,
1933-01-01,,,,,,,,,,,1,
1933-02-01,,,,,,,,,,,1,
1933-03-01,,,,,,,,,,,1,
1933-04-01,,,,,,,,,,,0,
1933-05-01,,,,,,,,,,,0,
1933-06-01,,,,,,,,,,,0,
1933-07-01,,,,,,,,,,,0,
1933-08-01,,,,,,,,,,,0,
1933-09-01,,,,,,,,,,,0,
1933-10-01,,,,,,,,,,,0,
1933-11-01,,,,,,,,,,,0,
1933-12-01,,,,,,,,,,,0,
1934-01-01,,,,,,,,,,0.72,0,
1934-02-01,,,,,,,,,,0.62,0,
1934-03-01,,,,,,,,,,0.24,0,
1934-04-01,,,,,,,,,,0.15,0,
1934-05-01,,,,,,,,,,0.16,0,
1934-06-01,,,,,,,,,,0.15,0,
1934-07-01,,,,,,,,,,0.15,0,
1934-08-01,,,,,,,,,,0.19,0,
1934-09-01,,,,,,,,,,0.21,0,
1934-10-01,,,,,,,,,,0.27,0,
1934-11-01,,,,,,,,,,0.25,0,
1934-12-01,,,,,,,,,,0.23,0,
1935-01-01,,,,,,,,,,0.20,0,
1935-02-01,,,,,,,,,,0.19,0,
1935-03-01,,,,,,,,,,0.15,0,
1935-04-01,,,,,,,,,,0.15,0,
1935-05-01,,,,,,,,,,0.15,0,
1935-06-01,,,,,,,,,,0.15,0,
1935-07-01,,,,,,,,,,0.15,0,
1935-08-01,,,,,,,,,,0.16,0,
1935-09-01,,,,,,,,,,0.20,0,
1935-10-01,,,,,,,,,,0.20,0,
1935-11-01,,,,,,,,,,0.16,0,
1935-12-01,,,,,,,,,,0.15,0,
1936-01-01,,,,,,,,,,0.20,0,
1936-02-01,,,,,,,,,,0.20,0,
1936-03-01,,,,,,,,,,0.20,0,
1936-04-01,,,,,,,,,,0.20,0,
1936-05-01,,,,,,,,,,0.20,0,
1936-06-01,,,,,,,,,,0.20,0,
1936-07-01,,,,,,,,,,0.15,0,
1936-08-01,,,,,,,,,,0.20,0,
1936-09-01,,,,,,,,,,0.16,0,
1936-10-01,,,,,,,,,,0.13,0,
1936-11-01,,,,,,,,,,0.11,0,
1936-12-01,,,,,,,,,,0.12,0,
1937-01-01,,,,,,,,,,0.17,0,
1937-02-01,,,,,,,,,,0.15,0,
1937-03-01,,,,,,,,,,0.38,0,
1937-04-01,,,,,,,,,,0.56,0,
1937-05-01,,,,,,,,,,0.41,0,
1937-06-01,,,,,,,,,,0.36,1,
1937-07-01,,,,,,,,,,0.28,1,
1937-08-01,,,,,,,,,,0.29,1,
1937-09-01,,,,,,,,,,0.31,1,
1937-10-01,,,,,,,,,,0.20,1,
1937-11-01,,,,,,,,,,0.09,1,
1937-12-01,,,,,,,,,,0.11,1,
1938-01-01,,,,,,,,,,0.10,1,
1938-02-01,,,,,,,,,,0.08,1,
1938-03-01,,,,,,,,,,0.08,1,
1938-04-01,,,,,,,,,,0.09,1,
1938-05-01,,,,,,,,,,0.05,1,
1938-06-01,,,,,,,,,,0.05,1,
1938-07-01,,,,,,,,,,0.07,0,
1938-08-01,,,,,,,,,,0.06,0,
1938-09-01,,,,,,,,,,0.08,0,
1938-10-01,,,,,,,,,,0.05,0,
1938-11-01,,,,,,,,,,0.04,0,
1938-12-01,,,,,,,,,,0.03,0,
1939-01-01,,,,,,,,,,0.03,0,
1939-02-01,,,,,,,,,,0.03,0,
1939-03-01,,,,,,,,,,0.03,0,
1939-04-01,,,,,,,,,,0.03,0,
1939-05-01,,,,,,,,,,0.03,0,
1939-06-01,,,,,,,,,,0.03,0,
1939-07-01,,,,,,,,,,0.04,0,
1939-08-01,,,,,,,,,,0.05,0,
1939-09-01,,,,,,,,,,0.14,0,
1939-10-01,,,,,,,,,,0.05,0,
1939-11-01,,,,,,,,,,0.05,0,
1939-12-01,,,,,,,,,,0.04,0,
1940-01-01,,,,,,,,,,0.01,0,
1940-02-01,,,,,,,,,,0.02,0,
1940-03-01,,,,,,,,,,0.02,0,
1940-04-01,,,,,,,,,,0.02,0,
1940-05-01,,,,,,,,,,0.06,0,
1940-06-01,,,,,,,,,,0.10,0,
1940-07-01,,,,,,,,,,0.05,0,
1940-08-01,,,,,,,,,,0.04,0,
1940-09-01,,,,,,,,,,0.05,0,
1940-10-01,,,,,,,,,,0.02,0,
1940-11-01,,,,,,,,,,0.02,0,
1940-12-01,,,,,,,,,,0.02,0,
1941-01-01,,,,,,,,,,0.02,0,
1941-02-01,,,,,,,,,,0.04,0,
1941-03-01,,,,,,,,,,0.11,0,
1941-04-01,,,,,,,,,,0.10,0,
1941-05-01,,,,,,,,,,0.11,0,
1941-06-01,,,,,,,,,,0.12,0,
1941-07-01,,,,,,,,,,0.12,0,
1941-08-01,,,,,,,,,,0.13,0,
1941-09-01,,,,,,,,,,0.10,0,
1941-10-01,,,,,,,,,,0.09,0,
1941-11-01,,,,,,,,,,0.28,0,
1941-12-01,,,,,,,,,,0.33,0,
1942-01-01,,,,,,,,,,0.27,0,
1942-02-01,,,,,,,,,,0.25,0,
1942-03-01,,,,,,,,,,0.25,0,
1942-04-01,,,,,,,,,,0.32,0,
1942-05-01,,,,,,,,,,0.37,0,
1942-06-01,,,,,,,,,,0.37,0,
1942-07-01,,,,,,,,,,0.38,0,
1942-08-01,,,,,,,,,,0.38,0,
1942-09-01,,,,,,,,,,0.38,0,
1942-10-01,,,,,,,,,,0.38,0,
1942-11-01,,,,,,,,,,0.38,0,
1942-12-01,,,,,,,,,,0.38,0,
1943-01-01,,,,,,,,,,0.38,0,
1943-02-01,,,,,,,,,,0.38,0,
1943-03-01,,,,,,,,,,0.38,0,
1943-04-01,,,,,,,,,,0.38,0,
1943-05-01,,,,,,,,,,0.38,0,
1943-06-01,,,,,,,,,,0.38,0,
1943-07-01,,,,,,,,,,0.38,0,
1943-08-01,,,,,,,,,,0.38,0,
1943-09-01,,,,,,,,,,0.38,0,
1943-10-01,,,,,,,,,,0.38,0,
1943-11-01,,,,,,,,,,0.38,0,
1943-12-01,,,,,,,,,,0.38,0,
1944-01-01,,,,,,,,,,0.38,0,
1944-02-01,,,,,,,,,,0.38,0,
1944-03-01,,,,,,,,,,0.38,0,
1944-04-01,,,,,,,,,,0.38,0,
1944-05-01,,,,,,,,,,0.38,0,
1944-06-01,,,,,,,,,,0.38,0,
1944-07-01,,,,,,,,,,0.38,0,
1944-08-01,,,,,,,,,,0.38,0,
1944-09-01,,,,,,,,,,0.38,0,
1944-10-01,,,,,,,,,,0.38,0,
1944-11-01,,,,,,,,,,0.38,0,
1944-12-01,,,,,,,,,,0.38,0,
1945-01-01,,,,,,,,,,0.38,0,
1945-02-01,,,,,,,,,,0.38,0,
1945-03-01,,,,,,,,,,0.38,1,
1945-04-01,,,,,,,,,,0.38,1,
1945-05-01,,,,,,,,,,0.38,1,
1945-06-01,,,,,,,,,,0.38,1,
1945-07-01,,,,,,,,,,0.38,1,
1945-08-01,,,,,,,,,,0.38,1,
1945-09-01,,,,,,,,,,0.38,1,
1945-10-01,,,,,,,,,,0.38,1,
1945-11-01,,,,,,,,,,0.38,0,
1945-12-01,,,,,,,,,,0.38,0,
1946-01-01,,,,,,,,,,0.38,0,
1946-02-01,,,,,,,,,,0.38,0,
1946-03-01,,,,,,,,,,0.38,0,
1946-04-01,,,,,,,,,,0.38,0,
1946-05-01,,,,,,,,,,0.38,0,
1946-06-01,,,,,,,,,,0.38,0,
1946-07-01,,,,,,,,,,0.38,0,
1946-08-01,,,,,,,,,,0.38,0,
1946-09-01,,,,,,,,,,0.38,0,
1946-10-01,,,,,,,,,,0.38,0,
1946-11-01,,,,,,,,,,0.38,0,
1946-12-01,,,,,,,,,,0.38,0,
1947-01-01,,,,,,,,21.480,,0.38,0,
1947-02-01,,,,,,,,21.620,,0.38,0,
1947-03-01,,,,,,,,22.000,,0.38,0,
1947-04-01,,,,,,,,22.000,,0.38,0,
1947-05-01,,,,,,,,21.950,,0.38,0,
1947-06-01,,,,,,,,22.080,,0.38,0,
1947-07-01,,,,,,,,22.230,,0.66,0,
1947-08-01,,,,,,,,22.400,,0.75,0,
1947-09-01,,,,,,,,22.840,,0.80,0,
1947-10-01,,,,,,,,22.910,,0.85,0,
1947-11-01,,,,,,,,23.060,,0.92,0,
1947-12-01,,,,,,,,23.410,,0.95,0,
1948-01-01,,,,,,,,23.680,,0.97,0,
1948-02-01,,,,,,,,23.670,,1.00,0,
1948-03-01,,,,,,,,23.500,,1.00,0,
1948-04-01,,,,,,,,23.820,,1.00,0,
1948-05-01,,,,,,,,24.010,,1.00,0,
1948-06-01,,,,,,,,24.150,,1.00,0,
1948-07-01,,,,,,,,24.400,,1.00,0,
1948-08-01,,,,,,,,24.430,,1.06,0,
1948-09-01,,,,,,,,24.360,,1.09,0,
1948-10-01,,,,,,,,24.310,,1.12,0,
1948-11-01,,,,,,,,24.160,,1.14,0,
1948-12-01,,,,,,,,24.050,,1.16,1,
1949-01-01,,,,,,,,24.010,,1.17,1,
1949-02-01,,,,,,,,23.910,,1.17,1,
1949-03-01,,,,,,,,23.910,,1.17,1,
1949-04-01,,,,,,,,23.920,,1.17,1,
1949-05-01,,,,,,,,23.910,,1.17,1,
1949-06-01,,,,,,,,23.920,,1.17,1,
1949-07-01,,,,,,,,23.700,,1.02,1,
1949-08-01,,,,,,,,23.700,,1.04,1,
1949-09-01,,,,,,,,23.750,,1.07,1,
1949-10-01,,,,,,,,23.670,,1.05,1,
1949-11-01,,,,,,,,23.700,,1.08,0,
1949-12-01,,,,,,,,23.610,,1.10,0,
1950-01-01,,,,,,,,23.510,,1.07,0,
1950-02-01,,,,,,,,23.610,,1.12,0,
1950-03-01,,,,,,,,23.640,,1.12,0,
1950-04-01,,,,,,,,23.650,,1.15,0,
1950-05-01,,,,,,,,23.770,,1.16,0,
1950-06-01,,,,,,,,23.880,,1.15,0,
1950-07-01,,,,,,,,24.070,,1.16,0,
1950-08-01,,,,,,,,24.200,,1.20,0,
1950-09-01,,,,,,,,24.340,,1.30,0,
1950-10-01,,,,,,,,24.500,,1.31,0,
1950-11-01,,,,,,,,24.600,,1.36,0,
1950-12-01,,,,,,,,24.980,,1.34,0,
1951-01-01,,,,,,,,25.380,,1.34,0,
1951-02-01,,,,,,,,25.830,,1.36,0,
1951-03-01,,,,,,,,25.880,,1.40,0,
1951-04-01,,,,,,,,25.920,,1.47,0,
1951-05-01,,,,,,,,25.990,,1.55,0,
1951-06-01,,,,,,,,25.930,,1.45,0,
1951-07-01,,,,,,,,25.910,,1.56,0,
1951-08-01,,,,,,,,25.860,,1.62,0,
1951-09-01,,,,,,,,26.030,,1.63,0,
1951-10-01,,,,,,,,26.160,,1.54,0,
1951-11-01,,,,,,,,26.320,,1.56,0,
1951-12-01,,,,,,,,26.470,,1.73,0,
1952-01-01,,,,,,,,26.450,,1.57,0,
1952-02-01,,,,,,,,26.410,,1.54,0,
1952-03-01,,,,,,,,26.390,,1.59,0,
1952-04-01,,,,,,,,26.460,,1.57,0,
1952-05-01,,,,,,,,26.470,,1.67,0,
1952-06-01,,,,,,,,26.530,,1.70,0,
1952-07-01,,,,,,,,26.680,,1.81,0,
1952-08-01,,,,,,,,26.690,,1.83,0,
1952-09-01,,,,,,,,26.630,,1.71,0,
1952-10-01,,,,,,,,26.690,,1.74,0,
1952-11-01,,,,,,,,26.690,,1.85,0,
1952-12-01,,,,,,,,26.710,,2.09,0,
1953-01-01,,,,,,,,26.640,,1.96,0,
1953-02-01,,,,,,,,26.590,,1.97,0,
1953-03-01,,,,,,,,26.630,,2.01,0,
1953-04-01,,,,,,,,26.690,2.83,2.19,0,
1953-05-01,,,,,,,,26.700,3.05,2.16,0,
1953-06-01,,,,,,,,26.770,3.11,2.11,0,
1953-07-01,,,,,,,,26.790,2.93,2.04,0,
1953-08-01,,,,,,,,26.850,2.95,2.04,1,
1953-09-01,,,,,,,,26.890,2.87,1.79,1,
1953-10-01,,,,,,,,26.950,2.66,1.38,1,
1953-11-01,,,,,,,,26.850,2.68,1.44,1,
1953-12-01,,,,,,,,26.870,2.59,1.60,1,
1954-01-01,,,,,,,,26.940,2.48,1.18,1,
1954-02-01,,,,,,,,26.990,2.47,0.97,1,
1954-03-01,,,,,,,,26.930,2.37,1.03,1,
1954-04-01,,,,,,,,26.860,2.29,0.97,1,
1954-05-01,,,,,,,,26.930,2.37,0.76,1,
1954-06-01,,,,,,,,26.940,2.38,0.64,0,
1954-07-01,,,,,,,,26.860,2.30,0.72,0,
1954-08-01,,,,,,,,26.850,2.36,0.92,0,
1954-09-01,,,,,,,,26.810,2.38,1.01,0,
1954-10-01,,,,,,,,26.720,2.43,0.98,0,
1954-11-01,,,,,,,,26.780,2.48,0.93,0,
1954-12-01,,,,,,,,26.770,2.51,1.15,0,
1955-01-01,,,,,20.941360000000000,,,26.770,2.61,1.22,0,
1955-02-01,,,,,20.810880000000001,,,26.820,2.65,1.17,0,
1955-03-01,,,,,20.810880000000001,,,26.790,2.68,1.28,0,
1955-04-01,,,,,20.810880000000001,,,26.790,2.75,1.59,0,
1955-05-01,,,,,20.745640000000002,,,26.770,2.76,1.45,0,
1955-06-01,,,,,20.810880000000001,,,26.710,2.78,1.41,0,
1955-07-01,,,,,21.071829999999999,,,26.760,2.90,1.60,0,
1955-08-01,,,,,20.941360000000000,,,26.720,2.97,1.90,0,
1955-09-01,,,,,20.941360000000000,,,26.850,2.97,2.07,0,
1955-10-01,,,,,21.202310000000001,,,26.820,2.88,2.23,0,
1955-11-01,,,,,21.267550000000000,,,26.880,2.89,2.24,0,
1955-12-01,,,,,21.332780000000000,,,26.870,2.96,2.54,0,
1956-01-01,,,,,21.202310000000001,,,26.830,2.90,2.41,0,
1956-02-01,,,,,21.267550000000000,,,26.860,2.84,2.32,0,
1956-03-01,,,,,21.593740000000000,,,26.890,2.96,2.25,0,
1956-04-01,,,,,21.593740000000000,,,26.930,3.18,2.60,0,
1956-05-01,6.400000000000000,,,,21.528500000000001,,,27.030,3.07,2.61,0,
1956-06-01,6.800000000000000,,,,21.528500000000001,,,27.150,3.00,2.49,0,
1956-07-01,6.800000000000000,,,,21.593740000000000,,,27.290,3.11,2.31,0,
1956-08-01,6.800000000000000,,,,21.463259999999998,,,27.310,3.33,2.60,0,
1956-09-01,7.000000000000000,,,,21.528500000000001,,,27.350,3.38,2.84,0,
1956-10-01,7.000000000000000,,,,21.593740000000000,,,27.510,3.34,2.90,0,
1956-11-01,7.200000000000000,,,,21.658970000000000,,,27.510,3.49,2.99,0,
1956-12-01,7.300000000000000,,,,21.724209999999999,,,27.630,3.59,3.21,0,
1957-01-01,7.300000000000000,,,,21.789449999999999,,,27.670,3.46,3.11,0,
1957-02-01,7.400000000000000,,,,21.789449999999999,,,27.800,3.34,3.10,0,
1957-03-01,7.500000000000000,,,,21.658970000000000,,,27.860,3.41,3.08,0,
1957-04-01,7.400000000000000,,,,21.789449999999999,,,27.930,3.48,3.07,0,
1957-05-01,7.400000000000000,,,,21.854690000000002,,,28.000,3.60,3.06,0,
1957-06-01,7.400000000000000,,,,21.985160000000000,,,28.110,3.80,3.29,0,
1957-07-01,7.500000000000000,,,,22.180879999999998,,,28.190,3.93,3.16,0,
1957-08-01,7.600000000000000,,,,22.115639999999999,,,28.280,3.93,3.37,0,
1957-09-01,7.600000000000000,,,,22.050400000000000,,,28.320,3.92,3.53,1,
1957-10-01,7.700000000000000,,,,22.115639999999999,,,28.320,3.97,3.58,1,
1957-11-01,7.700000000000000,,,,22.180879999999998,,,28.410,3.72,3.31,1,
1957-12-01,7.700000000000000,,,,22.180879999999998,,,28.470,3.21,3.04,1,
1958-01-01,7.500000000000000,,,,22.376590000000000,,,28.640,3.09,2.44,1,
1958-02-01,7.500000000000000,,,,22.441830000000000,,,28.700,3.05,1.53,1,
1958-03-01,7.400000000000000,,,,22.441830000000000,,,28.870,2.98,1.30,1,
1958-04-01,7.400000000000000,,,,22.441830000000000,,,28.940,2.88,1.13,1,
1958-05-01,7.300000000000000,,,,22.637540000000001,,,28.940,2.92,0.91,0,
1958-06-01,7.100000000000000,,,,22.702780000000001,,,28.910,2.97,0.83,0,
1958-07-01,6.700000000000000,,,,22.572310000000002,,,28.890,3.20,0.91,0,
1958-08-01,6.500000000000000,,,,22.311350000000001,,,28.940,3.54,1.69,0,
1958-09-01,6.200000000000000,,,,22.180879999999998,,,28.910,3.76,2.44,0,
1958-10-01,6.000000000000000,,,,22.311350000000001,,,28.910,3.80,2.63,0,
1958-11-01,5.900000000000000,,,,22.441830000000000,,,28.950,3.74,2.67,0,
1958-12-01,5.900000000000000,,,,22.441830000000000,,,28.970,3.86,2.77,0,
1959-01-01,5.800000000000000,,,,22.441830000000000,,,29.010,4.02,2.82,0,
1959-02-01,5.600000000000000,,,,22.441830000000000,,,29.000,3.96,2.70,0,
1959-03-01,5.600000000000000,,,,22.441830000000000,,,28.970,3.99,2.80,0,
1959-04-01,5.600000000000000,,,,22.441830000000000,,,28.980,4.12,2.95,0,
1959-05-01,5.700000000000000,,,,22.441830000000000,,,29.040,4.31,2.84,0,
1959-06-01,5.700000000000000,,,,22.637540000000001,,,29.110,4.34,3.21,0,
1959-07-01,5.600000000000000,,,,22.702780000000001,,,29.150,4.40,3.20,0,
1959-08-01,5.500000000000000,,,,22.768020000000000,,,29.180,4.43,3.38,0,
1959-09-01,5.800000000000000,,,,22.702780000000001,,,29.250,4.68,4.04,0,
1959-10-01,6.000000000000000,,,,22.768020000000000,,,29.350,4.53,4.05,0,
1959-11-01,6.100000000000000,,,,22.963730000000002,,,29.350,4.53,4.15,0,
1959-12-01,6.200000000000000,,,,22.963730000000002,,,29.410,4.69,4.49,0,
1960-01-01,6.500000000000000,4.3600000000000003,,,22.963730000000002,,,29.370,4.72,4.35,0,
1960-02-01,6.400000000000000,4.4699999999999998,,,22.833259999999999,,,29.410,4.49,3.96,0,
1960-03-01,6.400000000000000,4.7100000000000000,,,22.833259999999999,,,29.410,4.25,3.31,0,
1960-04-01,6.400000000000000,4.5899999999999999,,,22.963730000000002,,,29.540,4.28,3.23,0,
1960-05-01,6.400000000000000,4.6399999999999997,,,23.028970000000001,,,29.570,4.35,3.29,1,
1960-06-01,6.600000000000000,5.2500000000000000,,,23.028970000000001,,,29.610,4.15,2.46,1,
1960-07-01,6.700000000000000,5.5800000000000001,,,23.028970000000001,,,29.550,3.90,2.30,1,
1960-08-01,6.500000000000000,5.4400000000000004,,,23.028970000000001,,,29.610,3.80,2.30,1,
1960-09-01,6.500000000000000,5.6100000000000003,,,22.963730000000002,,,29.610,3.80,2.48,1,
1960-10-01,6.300000000000000,6.0999999999999996,,,23.028970000000001,,,29.750,3.89,2.30,1,
1960-11-01,6.200000000000000,5.3799999999999999,,,23.094210000000000,,,29.780,3.93,2.37,1,
1960-12-01,6.200000000000000,5.0599999999999996,,,23.094210000000000,,,29.810,3.84,2.25,1,
1961-01-01,6.100000000000000,4.6600000000000001,,,23.289919999999999,,,29.840,3.84,2.24,1,
1961-02-01,6.000000000000000,4.1299999999999999,,,23.289919999999999,,,29.840,3.78,2.42,1,
1961-03-01,5.900000000000000,3.7300000000000000,,,23.289919999999999,,,29.840,3.74,2.39,0,
1961-04-01,5.700000000000000,3.3399999999999999,,,23.289919999999999,,,29.810,3.78,2.29,0,
1961-05-01,5.600000000000000,3.2300000000000000,,,23.485640000000000,,,29.840,3.71,2.29,0,
1961-06-01,5.600000000000000,3.1299999999999999,,,23.616109999999999,,,29.840,3.88,2.33,0,
1961-07-01,5.700000000000000,3.1600000000000001,,,23.616109999999999,,,29.920,3.92,2.24,0,
1961-08-01,5.900000000000000,3.0899999999999999,,,23.616109999999999,,,29.940,4.04,2.39,0,
1961-09-01,6.000000000000000,3.0600000000000001,,,23.616109999999999,,,29.980,3.98,2.28,0,
1961-10-01,6.000000000000000,4.0499999999999998,,,23.616109999999999,,,29.980,3.92,2.30,0,
1961-11-01,6.000000000000000,3.7100000000000000,,,23.746590000000001,,,29.980,3.94,2.48,0,
1961-12-01,6.000000000000000,3.8300000000000001,,,23.746590000000001,,,30.010,4.06,2.60,0,
1962-01-01,5.900000000000000,2.9300000000000002,,,24.007539999999999,,,30.040,4.08,2.72,0,
1962-02-01,5.700000000000000,2.9399999999999999,,,24.072780000000002,,,30.110,4.04,2.73,0,
1962-03-01,5.600000000000000,3.0200000000000000,,,24.138010000000001,,,30.170,3.93,2.72,0,
1962-04-01,5.600000000000000,3.0800000000000001,,,24.203250000000001,,,30.210,3.84,2.73,0,
1962-05-01,5.800000000000000,3.0800000000000001,,,24.203250000000001,,,30.240,3.87,2.69,0,
1962-06-01,5.900000000000000,3.1299999999999999,,,24.203250000000001,,,30.210,3.91,2.73,0,
1962-07-01,5.900000000000000,3.2900000000000000,,,24.268490000000000,,,30.220,4.01,2.92,0,
1962-08-01,6.000000000000000,3.2599999999999998,,,24.138010000000001,,,30.280,3.98,2.82,0,
1962-09-01,6.000000000000000,3.2000000000000002,,,24.138010000000001,,,30.420,3.98,2.78,0,
1962-10-01,6.200000000000000,4.4500000000000002,,,24.203250000000001,,,30.380,3.93,2.74,0,
1962-11-01,6.200000000000000,4.3300000000000001,,,24.268490000000000,,,30.380,3.92,2.83,0,
1962-12-01,6.100000000000000,4.3499999999999996,,,24.398969999999998,,,30.380,3.86,2.87,0,
1963-01-01,6.000000000000000,3.2900000000000000,,,24.725149999999999,,,30.440,3.83,2.91,0,
1963-02-01,6.000000000000000,3.3100000000000001,,,24.920870000000001,,,30.480,3.92,2.92,0,
1963-03-01,6.000000000000000,3.5299999999999998,,,24.920870000000001,,,30.510,3.93,2.89,0,
1963-04-01,6.000000000000000,3.5600000000000001,,,24.986110000000000,,,30.480,3.97,2.90,0,
1963-05-01,6.100000000000000,3.6000000000000001,,,24.920870000000001,,,30.510,3.93,2.93,0,
1963-06-01,6.100000000000000,3.8300000000000001,,,24.790389999999999,,,30.610,3.99,2.99,0,
1963-07-01,6.100000000000000,3.9800000000000000,,,24.790389999999999,,,30.690,4.02,3.18,0,
1963-08-01,6.100000000000000,3.8100000000000001,,,24.725149999999999,,,30.750,4.00,3.32,0,
1963-09-01,6.100000000000000,3.7500000000000000,,,24.790389999999999,,,30.720,4.08,3.38,0,
1963-10-01,6.100000000000000,5.1299999999999999,,,24.986110000000000,,,30.750,4.11,3.45,0,
1963-11-01,6.000000000000000,5.0000000000000000,,,25.051340000000000,,,30.780,4.12,3.52,0,
1963-12-01,6.000000000000000,4.9800000000000004,,,25.247060000000001,,,30.880,4.13,3.52,0,
1964-01-01,5.900000000000000,3.3300000000000001,,,25.377530000000000,,,30.940,4.17,3.52,0,
1964-02-01,5.900000000000000,3.3300000000000001,,,25.442769999999999,,,30.910,4.15,3.53,0,
1964-03-01,6.000000000000000,3.4600000000000000,,,25.442769999999999,,,30.940,4.22,3.54,0,
1964-04-01,6.200000000000000,3.5499999999999998,,,25.442769999999999,,,30.950,4.23,3.47,0,
1964-05-01,6.300000000000000,3.6899999999999999,,,25.442769999999999,,,30.980,4.20,3.48,0,
1964-06-01,6.300000000000000,3.7500000000000000,,,25.377530000000000,,,31.010,4.17,3.48,0,
1964-07-01,6.300000000000000,3.6899999999999999,,,25.442769999999999,,,31.020,4.19,3.46,0,
1964-08-01,6.300000000000000,3.9100000000000001,,,25.442769999999999,,,31.050,4.19,3.50,0,
1964-09-01,6.400000000000000,4.0800000000000001,,,25.442769999999999,,,31.080,4.20,3.53,0,
1964-10-01,6.400000000000000,5.4199999999999999,,,25.508009999999999,,,31.120,4.19,3.57,0,
1964-11-01,6.400000000000000,5.5000000000000000,,,25.638480000000001,,,31.210,4.15,3.64,0,
1964-12-01,6.400000000000000,5.3600000000000003,,,25.834199999999999,,,31.250,4.18,3.84,0,
1965-01-01,6.400000000000000,3.8799999999999999,,,25.899439999999998,,,31.280,4.19,3.81,0,
1965-02-01,6.500000000000000,3.9500000000000002,,,25.899439999999998,,,31.280,4.21,3.93,0,
1965-03-01,6.500000000000000,4.2800000000000002,,,26.029910000000001,,,31.310,4.21,3.93,0,
1965-04-01,6.600000000000000,4.5199999999999996,,,26.095150000000000,,,31.380,4.20,3.93,0,
1965-05-01,6.900000000000000,4.6900000000000004,,,26.160390000000000,,,31.480,4.21,3.89,0,
1965-06-01,7.100000000000000,4.7999999999999998,,,26.356100000000001,,,31.610,4.21,3.80,0,
1965-07-01,7.200000000000000,5.0800000000000001,,,26.421340000000001,,,31.580,4.20,3.84,0,
1965-08-01,7.300000000000000,5.2699999999999996,,,26.421340000000001,,,31.550,4.25,3.84,0,
1965-09-01,7.400000000000000,5.3600000000000003,,,26.421340000000001,,,31.620,4.29,3.92,0,
1965-10-01,7.500000000000000,6.6600000000000001,,,26.551820000000003,,,31.650,4.35,4.03,0,
1965-11-01,7.500000000000000,6.5800000000000001,,,26.682289999999998,,,31.750,4.45,4.09,0,
1965-12-01,7.700000000000000,6.5499999999999998,,,26.812770000000000,,,31.850,4.62,4.38,0,
1966-01-01,7.600000000000000,5.2300000000000004,,,26.943240000000003,,,31.880,4.61,4.59,0,
1966-02-01,7.600000000000000,5.3600000000000003,,,27.008479999999999,,,32.080,4.83,4.65,0,
1966-03-01,7.700000000000000,5.6900000000000004,,,27.073720000000002,,,32.180,4.87,4.59,0,
1966-04-01,8.000000000000000,6.2100000000000000,,,27.269430000000000,,,32.280,4.75,4.62,0,
1966-05-01,8.199999999999999,6.3499999999999996,,,27.269430000000000,,,32.350,4.78,4.64,0,
1966-06-01,8.400000000000000,6.8099999999999996,,,27.269430000000000,,,32.380,4.81,4.50,0,
1966-07-01,8.600000000000000,6.8899999999999997,,,27.269430000000000,,,32.450,5.02,4.80,0,
1966-08-01,8.600000000000000,7.0000000000000000,,,27.204190000000004,,,32.650,5.22,4.96,0,
1966-09-01,8.500000000000000,6.7999999999999998,,,27.204190000000004,,,32.750,5.18,5.37,0,
1966-10-01,8.400000000000000,7.8799999999999999,,,27.269430000000000,,,32.850,5.01,5.35,0,
1966-11-01,8.199999999999999,7.7300000000000004,,,27.530380000000001,,,32.880,5.16,5.32,0,
1966-12-01,7.700000000000000,7.5700000000000003,,,27.595620000000000,,,32.920,4.84,4.96,0,
1967-01-01,7.500000000000000,5.6900000000000004,,,27.660860000000000,,,32.900,4.58,4.72,0,
1967-02-01,7.400000000000000,5.5599999999999996,,,27.660860000000000,,,33.000,4.63,4.56,0,
1967-03-01,7.200000000000000,5.0400000000000000,,,27.726099999999999,,,33.000,4.54,4.26,0,
1967-04-01,6.900000000000000,4.4800000000000004,,,27.726099999999999,,,33.100,4.59,3.84,0,
1967-05-01,6.900000000000000,3.6899999999999999,,,27.791329999999999,,,33.100,4.85,3.60,0,
1967-06-01,6.900000000000000,3.9800000000000000,,,27.791329999999999,,,33.300,5.02,3.54,0,
1967-07-01,6.900000000000000,3.5099999999999998,,,27.791329999999999,,,33.400,5.16,4.21,0,
1967-08-01,6.800000000000000,3.5600000000000001,,,27.660860000000000,,,33.500,5.28,4.27,0,
1967-09-01,6.700000000000000,3.4300000000000002,,,27.660860000000000,,,33.600,5.30,4.42,0,
1967-10-01,6.700000000000000,4.2000000000000002,,,27.726099999999999,,,33.700,5.48,4.56,0,
1967-11-01,6.800000000000000,4.0000000000000000,,,27.791329999999999,,,33.900,5.75,4.73,0,
1967-12-01,6.800000000000000,4.0700000000000003,,,27.791329999999999,,,34.000,5.70,4.97,0,
1968-01-01,6.700000000000000,3.3199999999999998,,,28.052290000000003,,,34.100,5.53,5.00,0,
1968-02-01,6.700000000000000,3.4500000000000002,,,28.117529999999999,,,34.200,5.56,4.98,0,
1968-03-01,6.700000000000000,3.5200000000000000,,,28.117529999999999,,,34.300,5.74,5.17,0,
1968-04-01,6.600000000000000,3.6400000000000001,,,28.117529999999999,,,34.400,5.64,5.38,0,
1968-05-01,6.400000000000000,3.6800000000000002,,,28.117529999999999,,,34.500,5.87,5.66,0,
1968-06-01,6.400000000000000,3.7200000000000002,,,28.117529999999999,,,34.700,5.72,5.52,0,
1968-07-01,6.400000000000000,3.5899999999999999,,,28.117529999999999,,,34.900,5.50,5.31,0,
1968-08-01,6.300000000000000,3.5499999999999998,,,28.052290000000003,,,35.000,5.42,5.09,0,
1968-09-01,6.300000000000000,3.5400000000000000,,,28.052290000000003,,,35.100,5.46,5.19,0,
1968-10-01,6.300000000000000,4.7500000000000000,,,28.117529999999999,,,35.300,5.58,5.35,0,
1968-11-01,6.300000000000000,4.5000000000000000,,,28.313240000000004,,,35.400,5.70,5.45,0,
1968-12-01,6.300000000000000,4.4400000000000004,,,28.378480000000000,,,35.600,6.03,5.96,0,
1969-01-01,6.300000000000000,3.8700000000000001,,,28.443709999999999,,,35.700,6.04,6.14,0,
1969-02-01,6.300000000000000,3.9100000000000001,,,28.574190000000002,,,35.800,6.19,6.12,0,
1969-03-01,6.400000000000000,4.2100000000000000,,,28.639430000000001,,,36.100,6.30,6.02,0,
1969-04-01,6.500000000000000,4.4000000000000004,,,28.639430000000001,,,36.300,6.17,6.11,0,
1969-05-01,6.500000000000000,4.3799999999999999,,,28.704670000000000,,,36.400,6.32,6.04,0,
1969-06-01,6.700000000000000,5.5000000000000000,,,28.704670000000000,,,36.600,6.57,6.44,0,
1969-07-01,6.900000000000000,5.7800000000000002,,,28.704670000000000,,,36.800,6.72,7.00,0,
1969-08-01,6.900000000000000,6.5000000000000000,,,28.639430000000001,,,36.900,6.69,6.98,0,
1969-09-01,7.200000000000000,6.9400000000000004,,,28.639430000000001,,,37.100,7.16,7.09,0,
1969-10-01,7.400000000000000,7.4199999999999999,,,28.704670000000000,,,37.300,7.10,7.00,0,
1969-11-01,7.400000000000000,7.6900000000000004,,,28.769900000000000,,,37.500,7.14,7.24,0,
1969-12-01,7.600000000000000,8.8300000000000001,,,28.965620000000001,,,37.700,7.65,7.82,0,
1970-01-01,7.600000000000000,9.2899999999999991,,,29.291810000000002,,,37.900,7.79,7.87,1,7.7525529999999998
1970-02-01,7.800000000000000,9.5099999999999998,,,29.357040000000001,,,38.100,7.24,7.13,1,7.9037030000000001
1970-03-01,8.100000000000000,9.8100000000000005,,,29.487520000000000,,,38.300,7.07,6.63,1,8.1123399999999997
1970-04-01,8.100000000000000,9.8599999999999994,,,29.617999999999999,,,38.500,7.39,6.51,1,8.0726669999999991
1970-05-01,8.400000000000000,9.9299999999999997,,,29.617999999999999,,,38.600,7.91,6.84,1,8.2432049999999997
1970-06-01,8.699999999999999,9.8800000000000008,,,29.683229999999998,,,38.800,7.84,6.68,1,8.4474450000000001
1970-07-01,8.699999999999999,9.5899999999999999,,,29.683229999999998,,,38.900,7.46,6.45,1,8.3503880000000006
1970-08-01,8.400000000000000,9.1600000000000001,,,29.683229999999998,,,39.000,7.53,6.41,1,8.3938900000000007
1970-09-01,8.500000000000000,9.3599999999999994,,,29.683229999999998,,,39.200,7.39,6.12,1,8.4099629999999994
1970-10-01,8.699999999999999,9.5299999999999994,,,29.813710000000000,,,39.400,7.33,5.91,1,8.4266369999999995
1970-11-01,8.600000000000000,8.8399999999999999,,,29.944190000000003,,,39.600,6.84,5.28,1,8.3731950000000008
1970-12-01,8.199999999999999,8.1199999999999992,,,30.139900000000001,,,39.800,6.39,4.87,0,8.2229659999999996
1971-01-01,7.700000000000000,7.5000000000000000,3.6370,,30.466090000000001,,,39.900,6.24,4.44,0,7.9059510000000000
1971-02-01,7.700000000000000,7.4699999999999998,3.6313,,30.727039999999999,,,39.900,6.11,3.70,0,7.8307039999999999
1971-03-01,7.900000000000000,7.4600000000000000,3.6313,,30.857520000000001,,,40.000,5.70,3.38,0,7.8452159999999997
1971-04-01,7.900000000000000,6.3600000000000003,3.6343,,31.053229999999999,,,40.100,5.83,3.86,0,7.8563789999999996
1971-05-01,8.000000000000000,6.1600000000000001,3.5535,,31.118469999999999,,,40.300,6.39,4.14,0,7.8968600000000002
1971-06-01,8.199999999999999,6.7999999999999998,3.5121,,31.248940000000001,,,40.500,6.52,4.75,0,8.0390460000000008
1971-07-01,8.300000000000001,7.6600000000000001,3.4810,,31.379420000000000,,,40.600,6.73,5.40,0,8.0691480000000002
1971-08-01,8.300000000000001,7.5599999999999996,3.4159,,31.379420000000000,,,40.700,6.58,4.94,0,8.0167850000000005
1971-09-01,8.100000000000000,7.5899999999999999,3.3567,,31.444659999999999,,,40.800,6.14,4.69,0,7.9950109999999999
1971-10-01,8.000000000000000,7.7999999999999998,3.3262,,31.575130000000001,,,40.900,5.93,4.46,0,7.9027849999999997
1971-11-01,7.900000000000000,6.7900000000000000,3.3329,,31.640370000000001,,,41.000,5.81,4.22,0,7.8459360000000000
1971-12-01,7.900000000000000,6.6299999999999999,3.2688,,31.770849999999999,,,41.100,5.93,4.01,0,7.7893689999999998
1972-01-01,7.600000000000000,5.1900000000000004,3.2306,,32.162269999999999,,,41.200,5.95,3.38,0,7.6783239999999999
1972-02-01,7.300000000000000,4.8799999999999999,3.1858,,32.292749999999998,,,41.400,6.08,3.20,0,7.5579929999999997
1972-03-01,7.400000000000000,4.7999999999999998,3.1746,,32.488460000000003,,,41.400,6.07,3.73,0,7.5266370000000000
1972-04-01,7.700000000000000,4.7800000000000002,3.1778,,32.618940000000002,,,41.500,6.19,3.71,0,7.5821690000000004
1972-05-01,7.800000000000000,4.7100000000000000,3.1793,,32.618940000000002,,,41.600,6.13,3.69,0,7.5090500000000002
1972-06-01,7.900000000000000,4.6500000000000004,3.1686,,32.749409999999997,,,41.700,6.11,3.91,0,7.5579070000000002
1972-07-01,8.000000000000000,4.6500000000000004,3.1612,,33.010359999999999,,,41.800,6.11,3.98,0,7.5823349999999996
1972-08-01,7.900000000000000,4.7999999999999998,3.1865,,33.010359999999999,,,41.900,6.21,4.02,0,7.5773260000000002
1972-09-01,7.900000000000000,5.3200000000000003,3.1931,,33.336559999999999,,,42.100,6.55,4.66,0,7.5886979999999999
1972-10-01,8.000000000000000,6.8799999999999999,3.2068,,33.467030000000001,,,42.200,6.48,4.74,0,7.6968529999999999
1972-11-01,8.400000000000000,8.0700000000000003,3.2036,,33.662739999999999,,,42.400,6.28,4.78,0,7.8107910000000000
1972-12-01,8.600000000000000,8.5999999999999996,3.1988,,33.793219999999998,,,42.500,6.36,5.07,0,7.9364059999999998
1973-01-01,8.600000000000000,7.8899999999999997,3.1962,,34.184649999999998,,,42.700,6.46,5.41,0,8.0048670000000008
1973-02-01,8.600000000000000,7.9600000000000000,3.0055,,34.380360000000003,,,43.000,6.64,5.60,0,7.9357509999999998
1973-03-01,8.600000000000000,8.7699999999999996,2.8132,,34.641309999999997,,,43.400,6.71,6.09,0,7.9869219999999999
1973-04-01,8.800000000000001,10.6199999999999992,2.8368,,34.837020000000003,,,43.700,6.67,6.26,0,8.0677800000000008
1973-05-01,9.199999999999999,12.4199999999999999,2.7909,,35.097980000000000,,,43.900,6.85,6.36,0,8.3607840000000007
1973-06-01,9.900000000000000,13.6199999999999992,2.5796,,35.293690000000005,,,44.200,6.90,7.19,0,8.4869789999999998
1973-07-01,9.900000000000000,14.3000000000000007,2.3360,,35.424170000000004,,,44.200,7.13,8.01,0,8.5397140000000000
1973-08-01,9.800000000000001,14.5700000000000003,2.4270,,35.424170000000004,,,45.000,7.40,8.67,0,8.5912740000000003
1973-09-01,9.600000000000000,14.2500000000000000,2.4246,,35.424170000000004,,,45.200,7.09,8.29,0,8.6748100000000008
1973-10-01,9.699999999999999,14.4900000000000002,2.4139,,35.685119999999998,,,45.600,6.79,7.22,0,8.6125480000000003
1973-11-01,9.400000000000000,13.6199999999999992,2.5811,,36.141779999999997,,,45.900,6.73,7.83,0,8.6813760000000002
1973-12-01,9.600000000000000,13.1999999999999993,2.6577,,36.467970000000001,,,46.300,6.74,7.45,1,8.8538530000000009
1974-01-01,9.600000000000000,12.0899999999999999,2.8151,,36.728920000000002,,,46.800,6.99,7.77,1,9.0285890000000002
1974-02-01,9.900000000000000,10.6699999999999999,2.7146,,37.055109999999999,,,47.300,6.96,7.12,1,9.3989729999999998
1974-03-01,10.500000000000000,11.1999999999999993,2.6182,,37.120350000000002,,,47.800,7.21,7.96,1,9.5933109999999999
1974-04-01,10.400000000000000,10.0700000000000003,2.5262,,37.381300000000003,,,48.100,7.51,8.33,1,9.7112309999999997
1974-05-01,10.600000000000000,9.0999999999999996,2.4616,,37.577010000000001,,,48.600,7.58,8.23,1,10.0001700000000007
1974-06-01,10.699999999999999,9.4600000000000009,2.5253,,37.707490000000000,,,49.000,7.54,7.90,1,10.4819800000000001
1974-07-01,10.800000000000001,9.4800000000000004,2.5528,,37.837969999999999,,,49.300,7.81,7.55,1,10.6274800000000003
1974-08-01,10.800000000000001,9.6500000000000004,2.6184,,37.903210000000001,,,49.900,8.04,8.96,1,10.7211599999999994
1974-09-01,10.800000000000001,9.6899999999999995,2.6610,,37.968440000000001,,,50.600,8.04,8.06,1,10.7450100000000006
1974-10-01,10.800000000000001,9.7799999999999994,2.5928,,38.229399999999998,,,51.000,7.90,7.46,1,10.7185699999999997
1974-11-01,10.500000000000000,9.0399999999999991,2.5110,,38.490349999999999,,,51.500,7.68,7.47,1,10.4901099999999996
1974-12-01,9.900000000000000,8.5999999999999996,2.4503,,38.555579999999999,,,51.900,7.43,7.15,1,10.5528099999999991
1975-01-01,9.400000000000000,7.7400000000000002,2.3649,,38.947009999999999,,,52.300,7.50,6.26,1,10.0865399999999994
1975-02-01,8.900000000000000,6.4299999999999997,2.3271,,39.142730000000000,,,52.600,7.39,5.50,1,9.8807659999999995
1975-03-01,8.900000000000000,5.7100000000000000,2.3193,,39.338440000000006,,,52.800,7.73,5.49,1,9.7282399999999996
1975-04-01,8.800000000000001,4.8899999999999997,2.3758,,39.664630000000002,,,53.000,8.23,5.61,0,9.7349739999999994
1975-05-01,8.600000000000000,4.9900000000000002,2.3505,,39.860340000000001,,,53.100,8.06,5.23,0,9.5183570000000000
1975-06-01,8.400000000000000,4.8799999999999999,2.3405,,40.186529999999998,,,53.500,7.86,5.34,0,9.4415040000000001
1975-07-01,8.500000000000000,4.6600000000000001,2.4727,,40.186529999999998,,,54.000,8.06,6.13,0,9.3352350000000008
1975-08-01,8.500000000000000,3.8799999999999999,2.5736,,40.121290000000002,,,54.200,8.40,6.44,0,9.4320219999999999
1975-09-01,8.500000000000000,3.9300000000000002,2.6189,,40.317010000000003,,,54.600,8.43,6.42,0,9.5579839999999994
1975-10-01,8.500000000000000,4.0700000000000003,2.5817,,40.382240000000003,,,54.900,8.14,5.96,0,9.3803400000000003
1975-11-01,8.600000000000000,4.1200000000000001,2.5896,,40.512720000000002,,,55.300,8.05,5.48,0,9.2407819999999994
1975-12-01,8.500000000000000,4.2100000000000000,2.6217,,40.643200000000000,,,55.600,8.00,5.44,0,9.2410160000000001
1976-01-01,8.300000000000001,3.9300000000000002,2.6025,,40.969389999999997,,,55.800,7.74,4.87,0,9.3627050000000001
1976-02-01,8.199999999999999,3.7200000000000002,2.5619,,41.230340000000005,,,55.900,7.79,4.88,0,9.3867469999999997
1976-03-01,7.900000000000000,3.7400000000000002,2.5600,,41.360810000000001,,,56.000,7.73,5.00,0,9.5428630000000005
1976-04-01,7.900000000000000,3.6200000000000001,2.5380,,41.556530000000002,,,56.100,7.56,4.86,0,9.8410069999999994
1976-05-01,8.100000000000000,3.7700000000000000,2.5619,,41.621769999999998,,,56.400,7.90,5.20,0,10.0866299999999995
1976-06-01,8.199999999999999,4.1399999999999997,2.5775,,41.686999999999998,,,56.700,7.86,5.41,0,10.3844700000000003
1976-07-01,8.400000000000000,4.4699999999999998,2.5745,,41.621769999999998,,,57.000,7.83,5.23,0,10.1638599999999997
1976-08-01,8.300000000000001,4.5599999999999996,2.5293,,41.752240000000000,,,57.300,7.77,5.14,0,10.4178400000000000
1976-09-01,8.100000000000000,4.5599999999999996,2.4898,,41.817480000000003,,,57.600,7.59,5.08,0,10.3951399999999996
1976-10-01,8.000000000000000,4.8499999999999996,2.4294,,41.882719999999999,,,57.900,7.41,4.92,0,10.5422600000000006
1976-11-01,7.600000000000000,4.6900000000000004,2.4130,,42.013190000000002,,,58.100,7.29,4.75,0,10.3770000000000007
1976-12-01,7.400000000000000,4.9299999999999997,2.3831,,42.143670000000000,,,58.400,6.87,4.35,0,10.3871199999999995
1977-01-01,7.200000000000000,4.7800000000000002,2.3931,,42.600330000000000,,,58.700,7.21,4.62,0,10.3234700000000004
1977-02-01,7.200000000000000,4.7100000000000000,2.4050,,42.796050000000001,,,59.300,7.39,4.67,0,10.3427299999999995
1977-03-01,7.000000000000000,4.7300000000000004,2.3916,,42.861280000000001,,,59.600,7.46,4.60,0,10.2665900000000008
1977-04-01,6.600000000000000,4.6200000000000001,2.3743,,43.057000000000002,,,60.000,7.37,4.54,0,10.2780699999999996
1977-05-01,6.500000000000000,4.4400000000000004,2.3588,,43.187470000000005,,,60.200,7.46,4.96,0,10.1676199999999994
1977-06-01,6.600000000000000,4.2800000000000002,2.3556,,43.383189999999999,,,60.500,7.28,5.02,0,10.2234800000000003
1977-07-01,6.400000000000000,4.2900000000000000,2.2820,,43.317950000000003,,,60.800,7.33,5.19,0,10.1503300000000003
1977-08-01,6.200000000000000,4.1200000000000001,2.3166,,43.317950000000003,,,61.100,7.40,5.49,0,10.0849799999999998
1977-09-01,6.200000000000000,4.1500000000000004,2.3238,,43.383189999999999,,,61.300,7.34,5.81,0,10.0194100000000006
1977-10-01,6.200000000000000,4.1299999999999999,2.2778,,43.383189999999999,,,61.600,7.52,6.16,0,10.0354399999999995
1977-11-01,6.200000000000000,4.1500000000000004,2.2406,,43.448430000000002,,,62.000,7.58,6.10,0,9.9698729999999998
1977-12-01,6.100000000000000,3.9800000000000000,2.1510,,43.578899999999997,,,62.300,7.69,6.07,0,9.9375470000000004
1978-01-01,5.900000000000000,3.5800000000000001,2.1180,,43.905090000000001,,,62.700,7.96,6.44,0,9.7573840000000001
1978-02-01,5.800000000000000,3.4600000000000000,2.0777,,44.035559999999997,,,63.000,8.03,6.45,0,9.7459109999999995
1978-03-01,5.700000000000000,3.5099999999999998,2.0334,,44.166040000000002,,,63.400,8.04,6.29,0,9.6470669999999998
1978-04-01,5.700000000000000,3.5600000000000001,2.0427,,44.361759999999997,,,63.900,8.15,6.29,0,9.5185709999999997
1978-05-01,5.900000000000000,3.6000000000000001,2.1056,,44.426990000000004,,,64.500,8.35,6.41,0,9.6362799999999993
1978-06-01,6.000000000000000,3.6800000000000002,2.0840,,44.557470000000002,,,65.000,8.46,6.73,0,9.5710940000000004
1978-07-01,6.200000000000000,3.7500000000000000,2.0557,,44.492229999999999,,,65.500,8.64,7.01,0,9.5750600000000006
1978-08-01,6.400000000000000,3.7000000000000002,1.9970,,44.426990000000004,,,65.900,8.41,7.08,0,9.5259560000000008
1978-09-01,6.300000000000000,3.7000000000000002,1.9696,,44.361759999999997,,,66.500,8.42,7.85,0,9.6289680000000004
1978-10-01,6.400000000000000,3.9500000000000002,1.8391,,44.426990000000004,,,67.100,8.64,7.99,0,9.8057020000000001
1978-11-01,6.600000000000000,3.8500000000000001,1.9048,,44.557470000000002,,,67.500,8.81,8.64,0,9.8495139999999992
1978-12-01,6.700000000000000,4.0599999999999996,1.8798,,44.687950000000001,,,67.900,9.01,9.08,0,9.6583349999999992
1979-01-01,6.800000000000000,3.8900000000000001,1.8500,,45.144610000000000,,,68.500,9.10,9.35,0,9.6236300000000004
1979-02-01,7.100000000000000,4.1500000000000004,1.8567,,45.275090000000006,,,69.200,9.10,9.32,0,9.7418580000000006
1979-03-01,7.200000000000000,4.4699999999999998,1.8603,,45.536040000000000,,,69.900,9.12,9.48,0,9.8234999999999992
1979-04-01,7.300000000000000,5.5400000000000000,1.8959,,45.731749999999998,,,70.600,9.18,9.46,0,9.9273760000000006
1979-05-01,7.800000000000000,5.9199999999999999,1.9077,,45.862220000000001,,,71.400,9.25,9.61,0,10.2009600000000002
1979-06-01,8.000000000000000,6.4600000000000000,1.8843,,46.123179999999998,,,72.200,8.91,9.06,0,10.3992400000000007
1979-07-01,7.900000000000000,6.8399999999999999,1.8243,,46.384129999999999,,,73.000,8.95,9.24,0,10.5292399999999997
1979-08-01,7.600000000000000,7.0899999999999999,1.8293,,46.449370000000002,,,73.700,9.03,9.52,0,10.5990500000000001
1979-09-01,7.500000000000000,7.8899999999999997,1.7939,,46.645080000000000,,,74.400,9.33,10.26,0,10.6704200000000000
1979-10-01,7.700000000000000,8.7599999999999998,1.7897,,46.710320000000003,,,75.200,10.30,11.70,0,10.8467900000000004
1979-11-01,8.000000000000000,9.6500000000000004,1.7711,,46.971269999999997,,,76.000,10.65,11.79,0,11.1373700000000007
1979-12-01,7.900000000000000,9.5800000000000001,1.7341,,47.101750000000003,,,76.900,10.39,12.04,0,11.4200499999999998
1980-01-01,8.000000000000000,8.8599999999999994,1.7246,,47.362699999999997,,,78.000,10.80,12.00,0,11.5023300000000006
1980-02-01,8.400000000000000,8.9700000000000006,1.7482,,47.949840000000002,,,79.000,12.41,12.86,1,12.0852500000000003
1980-03-01,9.400000000000000,9.6400000000000006,1.8519,,48.145550000000000,,,80.100,12.75,15.20,1,12.6849600000000002
1980-04-01,9.400000000000000,10.2200000000000006,1.8776,,48.406500000000001,,,80.900,11.47,13.20,1,12.5724199999999993
1980-05-01,8.300000000000001,10.2599999999999998,1.7913,,48.667450000000002,,,81.700,10.18,8.58,1,12.2638400000000001
1980-06-01,8.100000000000000,10.1099999999999994,1.7673,,48.797930000000001,,,82.500,9.78,7.07,1,12.1057400000000008
1980-07-01,7.900000000000000,9.6999999999999993,1.7470,,48.863169999999997,,,82.600,10.25,8.06,1,12.1237399999999997
1980-08-01,7.800000000000000,8.9800000000000004,1.7900,,48.928410000000000,,,83.200,11.10,9.13,0,12.1639700000000008
1980-09-01,8.100000000000000,8.9700000000000006,1.7896,,48.928410000000000,,,83.900,11.51,10.27,0,12.4537200000000006
1980-10-01,8.300000000000001,9.0800000000000001,1.8429,,48.993639999999999,,,84.700,11.75,11.62,0,12.7621300000000009
1980-11-01,8.600000000000000,9.4499999999999993,1.9191,,49.319839999999999,,,85.600,12.68,13.73,0,12.9068299999999994
1980-12-01,8.800000000000001,10.1999999999999993,1.9700,,49.711260000000003,,,86.400,12.84,15.49,0,12.8409800000000001
1981-01-01,9.000000000000000,9.4700000000000006,2.0105,,50.167929999999998,,,87.200,12.57,15.02,0,12.9312299999999993
1981-02-01,9.800000000000001,10.6699999999999999,2.1392,,50.559350000000002,,,88.000,13.19,14.79,0,13.4493500000000008
1981-03-01,10.199999999999999,13.5999999999999996,2.1057,,50.950780000000002,,,88.600,13.12,13.36,0,13.7054600000000004
1981-04-01,10.000000000000000,13.1899999999999995,2.1640,,51.211730000000003,,,89.100,13.68,13.69,0,13.9322400000000002
1981-05-01,10.500000000000000,13.1999999999999993,2.2941,,51.472679999999997,,,89.700,14.10,16.30,0,14.7365999999999993
1981-06-01,10.500000000000000,13.0899999999999999,2.3781,,51.668399999999998,,,90.500,13.47,14.73,0,14.8976699999999997
1981-07-01,10.500000000000000,12.9600000000000009,2.4405,,51.994590000000002,,,91.500,14.28,14.95,0,15.0343999999999998
1981-08-01,10.699999999999999,12.9000000000000004,2.5012,,52.125059999999998,,,92.200,14.94,15.51,1,15.2041400000000007
1981-09-01,10.600000000000000,12.5000000000000000,2.3522,,52.386009999999999,,,93.100,15.32,14.70,1,15.4353400000000001
1981-10-01,10.199999999999999,11.7799999999999994,2.2543,,52.646970000000003,,,93.400,15.15,13.54,1,15.2036499999999997
1981-11-01,9.900000000000000,11.0800000000000001,2.2292,,52.907919999999997,,,93.800,13.39,10.86,1,15.1985399999999995
1981-12-01,9.699999999999999,10.8200000000000003,2.2579,,53.038390000000000,,,94.100,13.72,10.85,1,14.9096299999999999
1982-01-01,9.800000000000001,10.4600000000000009,2.2938,,53.495060000000002,,,94.400,14.59,12.28,1,14.8467599999999997
1982-02-01,9.699999999999999,10.2699999999999996,2.3660,,53.560299999999998,,,94.700,14.43,13.48,1,14.8962900000000005
1982-03-01,9.400000000000000,9.8699999999999992,2.3800,,53.560299999999998,,,94.700,13.86,12.68,1,14.6102299999999996
1982-04-01,8.900000000000000,9.3300000000000001,2.3970,,53.756010000000003,,,95.000,13.87,12.70,1,14.4708400000000008
1982-05-01,8.699999999999999,9.1799999999999997,2.3128,,54.147440000000003,,,95.900,13.62,12.09,1,14.4345499999999998
1982-06-01,9.100000000000000,9.2799999999999994,2.4293,,54.734580000000001,,,97.000,14.30,12.47,1,14.6424800000000008
1982-07-01,9.300000000000001,9.4600000000000009,2.4662,,54.799819999999997,,,97.500,13.95,11.35,1,14.5891500000000001
1982-08-01,9.000000000000000,9.0000000000000000,2.4813,,54.734580000000001,,,97.700,13.06,8.68,1,14.2298899999999993
1982-09-01,8.600000000000000,8.1799999999999997,2.5055,,54.930289999999999,,,97.700,12.34,7.92,1,13.9850899999999996
1982-10-01,8.300000000000001,7.5800000000000001,2.5320,,55.191240000000001,,,98.100,10.91,7.71,1,13.8123699999999996
1982-11-01,8.199999999999999,7.3099999999999996,2.5543,,55.321719999999992,,,98.000,10.55,8.07,1,13.8140800000000006
1982-12-01,7.900000000000000,6.6200000000000001,2.4193,,55.452190000000002,,,97.700,10.54,7.94,0,13.4026099999999992
1983-01-01,7.800000000000000,5.8200000000000003,2.3893,,55.713149999999999,,,97.900,10.46,7.86,0,13.1128199999999993
1983-02-01,7.800000000000000,5.8300000000000001,2.4280,,55.713149999999999,,,98.000,10.72,8.11,0,13.0496800000000004
1983-03-01,7.600000000000000,5.4500000000000002,2.4110,,55.713149999999999,,,98.100,10.51,8.35,0,12.8272300000000001
1983-04-01,7.700000000000000,5.2000000000000002,2.4397,,55.843620000000001,,,98.800,10.40,8.21,0,12.7883399999999998
1983-05-01,7.800000000000000,5.3300000000000001,2.4665,,55.974100000000000,,,99.200,10.38,8.19,0,12.9350299999999994
1983-06-01,8.199999999999999,5.5700000000000003,2.5490,,56.169809999999998,,,99.400,10.85,8.79,0,13.0908800000000003
1983-07-01,8.199999999999999,5.5700000000000003,2.5914,,56.365519999999997,,,99.800,11.38,9.08,0,13.0449800000000007
1983-08-01,8.400000000000000,5.7100000000000000,2.6736,,56.561240000000005,,,100.100,11.85,9.34,0,13.1460100000000004
1983-09-01,8.500000000000000,5.8799999999999999,2.6679,,56.691719999999997,,,100.400,11.65,9.00,0,13.2007399999999997
1983-10-01,8.300000000000001,6.1799999999999997,2.6032,,56.691719999999997,,,100.800,11.54,8.64,0,13.1173099999999998
1983-11-01,8.300000000000001,6.2999999999999998,2.6846,,56.822189999999999,,,101.100,11.69,8.76,0,13.1762400000000000
1983-12-01,8.400000000000000,6.4800000000000004,2.7500,,56.952660000000002,,,101.400,11.83,9.00,0,12.9664000000000001
1984-01-01,8.400000000000000,6.1200000000000001,2.8110,,57.148380000000003,,,102.100,11.67,8.90,0,12.7903099999999998
1984-02-01,8.199999999999999,5.9500000000000002,2.6984,,57.344090000000001,,,102.600,11.84,9.09,0,12.5777599999999996
1984-03-01,8.100000000000000,5.8600000000000003,2.5973,,57.409329999999997,,,102.900,12.32,9.52,0,12.4549599999999998
1984-04-01,8.100000000000000,5.8399999999999999,2.6474,,57.474569999999993,,,103.300,12.63,9.69,0,12.4637300000000000
1984-05-01,8.199999999999999,6.0999999999999996,2.7484,,57.539810000000003,,,103.500,13.41,9.83,0,12.5920699999999997
1984-06-01,8.199999999999999,6.1299999999999999,2.7397,,57.735520000000001,,,103.700,13.56,9.87,0,12.4619199999999992
1984-07-01,8.199999999999999,6.1299999999999999,2.8492,,57.670280000000005,,,104.100,13.36,10.12,0,12.3281100000000006
1984-08-01,8.100000000000000,6.0199999999999996,2.8856,,57.539810000000003,,,104.400,12.72,10.47,0,12.2077500000000008
1984-09-01,7.800000000000000,5.8200000000000003,3.0314,,57.605049999999999,,,104.700,12.52,10.37,0,12.0915800000000004
1984-10-01,7.600000000000000,6.0700000000000003,3.0678,,57.931230000000006,,,105.100,12.16,9.74,0,11.6296999999999997
1984-11-01,7.400000000000000,5.9600000000000000,2.9985,,57.996470000000002,,,105.300,11.57,8.61,0,11.4202600000000007
1984-12-01,7.200000000000000,5.8300000000000001,3.1044,,58.061709999999998,,,105.500,11.50,8.06,0,11.2049400000000006
1985-01-01,7.300000000000000,5.8700000000000001,3.1706,,58.387900000000002,,,105.700,11.38,7.76,0,10.8550199999999997
1985-02-01,7.600000000000000,6.1600000000000001,3.3025,,58.648850000000003,,,106.300,11.51,8.27,0,10.9617100000000001
1985-03-01,7.700000000000000,6.3899999999999997,3.2982,,58.844560000000001,,,106.800,11.86,8.52,0,11.0255299999999998
1985-04-01,7.400000000000000,6.0199999999999996,3.0946,,58.909799999999997,,,107.000,11.43,7.95,0,10.8583400000000001
1985-05-01,7.200000000000000,5.8399999999999999,3.1093,,58.909799999999997,,,107.200,10.85,7.48,0,10.8508999999999993
1985-06-01,7.100000000000000,5.6799999999999997,3.0636,,58.909799999999997,,,107.500,10.16,6.95,0,10.8230500000000003
1985-07-01,6.900000000000000,5.3399999999999999,2.9084,,58.909799999999997,,,107.700,10.31,7.08,0,10.7913200000000007
1985-08-01,6.700000000000000,4.7900000000000000,2.7937,,58.714089999999999,,,107.900,10.33,7.14,0,10.6779600000000006
1985-09-01,6.500000000000000,4.7100000000000000,2.8381,,58.779330000000002,,,108.100,10.37,7.10,0,10.5375899999999998
1985-10-01,6.700000000000000,4.8399999999999999,2.6446,,58.844560000000001,,,108.500,10.24,7.16,0,10.4002300000000005
1985-11-01,6.800000000000000,4.8799999999999999,2.5954,,58.909799999999997,,,109.000,9.78,7.24,0,10.2661400000000000
1985-12-01,6.600000000000000,4.8600000000000003,2.5122,,58.975040000000000,,,109.500,9.26,7.10,0,10.2047399999999993
1986-01-01,6.500000000000000,4.7199999999999998,2.4384,,59.170749999999998,,,109.900,9.19,7.07,0,9.9610559999999992
1986-02-01,6.400000000000000,4.5400000000000000,2.3317,,59.105510000000002,,,109.700,8.70,7.06,0,9.9428459999999994
1986-03-01,6.100000000000000,4.5599999999999996,2.2752,,58.909799999999997,,,109.100,7.78,6.56,0,9.3951340000000005
1986-04-01,5.700000000000000,4.5300000000000002,2.2732,,58.909799999999997,,,108.700,7.30,6.06,0,8.7663220000000006
1986-05-01,6.100000000000000,4.6200000000000001,2.2277,,58.909799999999997,,,109.000,7.71,6.15,0,8.4783869999999997
1986-06-01,6.200000000000000,4.6500000000000004,2.2337,,58.909799999999997,,,109.400,7.80,6.21,0,8.5498300000000000
1986-07-01,6.100000000000000,4.6500000000000004,2.1517,,58.714089999999999,,,109.500,7.30,5.83,0,8.5311810000000001
1986-08-01,5.900000000000000,4.6100000000000003,2.0621,,58.518380000000008,,,109.600,7.17,5.53,0,8.3520669999999999
1986-09-01,6.000000000000000,4.5300000000000002,2.0415,,58.583610000000000,,,110.000,7.45,5.21,0,8.3278660000000002
1986-10-01,6.300000000000000,4.6399999999999997,2.0055,,58.387900000000002,,,110.200,7.43,5.18,0,8.4164919999999999
1986-11-01,6.400000000000000,4.7300000000000004,2.0243,,58.322659999999999,,,110.400,7.25,5.35,0,8.5350289999999998
1986-12-01,6.200000000000000,4.8399999999999999,1.9880,,58.387900000000002,,,110.800,7.11,5.53,0,8.4674340000000008
1987-01-01,6.100000000000000,4.5400000000000000,1.8596,,58.714089999999999,,,111.400,7.08,5.43,0,8.4529239999999994
1987-02-01,6.100000000000000,4.0300000000000002,1.8239,,58.779330000000002,,,111.800,7.25,5.59,0,8.5029050000000002
1987-03-01,6.000000000000000,4.0400000000000000,1.8355,,58.779330000000002,,,112.200,7.25,5.59,0,8.4579480000000000
1987-04-01,5.800000000000000,3.9100000000000001,1.8118,,58.909799999999997,,,112.700,8.02,5.64,0,8.4888929999999991
1987-05-01,5.700000000000000,3.8100000000000001,1.7881,,58.909799999999997,,,113.000,8.61,5.66,0,8.6778820000000003
1987-06-01,6.000000000000000,3.7300000000000000,1.8189,,58.975040000000000,,,113.500,8.40,5.67,0,8.9002090000000003
1987-07-01,6.300000000000000,3.8599999999999999,1.8482,,58.975040000000000,,,113.800,8.45,5.69,0,9.1785259999999997
1987-08-01,6.500000000000000,4.0000000000000000,1.8553,,58.909799999999997,,,114.300,8.76,6.04,0,9.5073679999999996
1987-09-01,6.700000000000000,4.0400000000000000,1.8134,,58.844560000000001,,,114.700,9.42,6.40,0,9.7306249999999999
1987-10-01,6.900000000000000,4.7400000000000002,1.8006,,58.909799999999997,,,115.000,9.52,6.13,0,9.9949969999999997
1987-11-01,6.400000000000000,3.9800000000000000,1.6821,,58.909799999999997,,,115.400,8.86,5.69,0,9.4947309999999998
1987-12-01,6.500000000000000,3.7100000000000000,1.6335,,58.975040000000000,,,115.600,8.99,5.77,0,9.3505610000000008
1988-01-01,6.500000000000000,3.4600000000000000,1.6537,,59.235990000000001,,,116.000,8.67,5.81,0,9.2041240000000002
1988-02-01,6.300000000000000,3.3700000000000001,1.6965,,59.366469999999993,,,116.200,8.21,5.66,0,8.9186490000000003
1988-03-01,6.200000000000000,3.4399999999999999,1.6770,,59.366469999999993,,,116.500,8.37,5.70,0,8.8357130000000002
1988-04-01,6.300000000000000,3.4300000000000002,1.6710,,59.496940000000002,,,117.200,8.72,5.91,0,8.8229959999999998
1988-05-01,6.600000000000000,3.5800000000000001,1.6935,,59.627420000000001,,,117.500,9.09,6.26,0,8.9674049999999994
1988-06-01,6.600000000000000,3.9300000000000002,1.7579,,59.692659999999997,,,118.000,8.92,6.46,0,8.8584180000000003
1988-07-01,6.700000000000000,4.9299999999999997,1.8466,,59.692659999999997,,,118.500,9.06,6.73,0,8.9714960000000001
1988-08-01,6.800000000000000,5.3700000000000001,1.8880,,59.627420000000001,,,119.000,9.26,7.06,0,9.0870370000000005
1988-09-01,6.600000000000000,5.0199999999999996,1.8668,,59.692659999999997,,,119.500,8.98,7.24,0,9.0438270000000003
1988-10-01,6.400000000000000,5.0999999999999996,1.8165,,59.757890000000003,,,119.900,8.80,7.35,0,8.9262499999999996
1988-11-01,6.400000000000000,4.9500000000000002,1.7491,,59.953609999999998,,,120.300,8.96,7.76,0,8.9299990000000005
1988-12-01,6.500000000000000,5.3899999999999997,1.7564,,60.084080000000007,,,120.700,9.11,8.07,0,9.0858349999999994
1989-01-01,6.700000000000000,5.7000000000000002,1.8357,,60.605990000000006,,,121.200,9.09,8.27,0,9.1623190000000001
1989-02-01,6.900000000000000,6.4299999999999997,1.8505,,60.801699999999997,,,121.600,9.17,8.53,0,9.4056449999999998
1989-03-01,7.000000000000000,6.6699999999999999,1.8686,,60.866940000000000,,,122.200,9.36,8.82,0,9.6447749999999992
1989-04-01,6.900000000000000,6.4800000000000004,1.8697,,61.258369999999992,,,123.100,9.18,8.65,0,9.5959869999999992
1989-05-01,7.100000000000000,7.0199999999999996,1.9461,,61.323599999999999,,,123.700,8.86,8.43,0,9.6817440000000001
1989-06-01,6.900000000000000,7.0199999999999996,1.9789,,61.388840000000002,,,124.100,8.28,8.15,0,9.6037470000000003
1989-07-01,6.800000000000000,7.0899999999999999,1.8901,,61.323599999999999,,,124.500,8.02,7.88,0,9.5854110000000006
1989-08-01,6.800000000000000,7.0700000000000003,1.9268,,61.323599999999999,,,124.500,8.11,7.90,0,9.5375040000000002
1989-09-01,7.000000000000000,7.4100000000000001,1.9502,,61.388840000000002,,,124.800,8.19,7.75,0,9.6914259999999999
1989-10-01,7.200000000000000,8.1300000000000008,1.8662,,61.584550000000000,,,125.400,8.01,7.64,0,9.8685039999999997
1989-11-01,7.500000000000000,8.2899999999999991,1.8300,,61.715030000000006,,,125.900,7.87,7.69,0,10.1542499999999993
1989-12-01,7.500000000000000,8.1099999999999994,1.7378,,61.910739999999997,,,126.300,7.84,7.63,0,10.2373100000000008
1990-01-01,7.695000000000000,8.3000000000000007,1.6914,,62.236930000000008,,,127.500,8.21,7.64,0,10.4502299999999995
1990-02-01,8.574999999999999,8.3100000000000005,1.6758,,62.497880000000002,,,128.000,8.47,7.74,0,10.9204899999999991
1990-03-01,8.645000000000000,8.4800000000000004,1.7053,,62.497880000000002,,,128.600,8.59,7.90,0,11.0549099999999996
1990-04-01,8.762499999999999,8.2699999999999996,1.6863,,62.628360000000001,,,128.900,8.79,7.77,0,10.8742800000000006
1990-05-01,8.715000000000000,8.3300000000000001,1.6630,,62.758830000000003,,,129.100,8.76,7.74,0,10.7959399999999999
1990-06-01,8.832500000000000,8.3000000000000007,1.6832,,62.824069999999992,,,129.900,8.48,7.73,0,10.7063400000000009
1990-07-01,8.545000000000000,8.2599999999999998,1.6375,,62.824069999999992,,,130.500,8.47,7.62,0,10.5672899999999998
1990-08-01,8.997500000000000,8.4499999999999993,1.5702,,63.019790000000000,,,131.600,8.75,7.45,1,10.9568600000000007
1990-09-01,9.105000000000000,8.4700000000000006,1.5701,,63.215499999999999,,,132.500,8.89,7.36,1,11.1356199999999994
1990-10-01,9.067500000000001,8.5999999999999996,1.5238,,63.672159999999998,,,133.400,8.72,7.17,1,11.0790400000000009
1990-11-01,8.932499999999999,8.8800000000000008,1.4857,,63.541690000000003,,,133.700,8.39,7.06,1,10.9892400000000006
1990-12-01,8.845000000000001,9.2100000000000009,1.4982,,63.606930000000006,,,134.200,8.08,6.74,1,10.8648600000000002
1991-01-01,8.927500000000000,9.3499999999999996,1.5091,,63.998359999999998,,,134.700,8.09,6.22,1,10.8448799999999999
1991-02-01,8.350000000000000,9.0800000000000001,1.4805,,64.278230000000008,,,134.800,7.85,5.94,1,10.4412699999999994
1991-03-01,8.427500000000000,9.0899999999999999,1.6122,,64.278230000000008,,,134.800,8.11,5.91,1,10.3724600000000002
1991-04-01,8.357500000000000,9.1799999999999997,1.7027,,64.558109999999999,,,135.100,8.04,5.65,0,10.1173599999999997
1991-05-01,8.395000000000000,9.0800000000000001,1.7199,,64.744690000000006,,,135.600,8.07,5.46,0,9.9854769999999995
1991-06-01,8.407500000000001,9.0600000000000005,1.7828,,65.117859999999993,,,136.000,8.28,5.57,0,10.0527300000000004
1991-07-01,8.632500000000000,9.1500000000000004,1.7852,,65.864199999999997,,,136.200,8.27,5.58,0,10.2246100000000002
1991-08-01,8.520000000000000,9.3100000000000005,1.7435,,65.864199999999997,,,136.600,7.90,5.33,0,10.2016899999999993
1991-09-01,8.455000000000000,9.2699999999999996,1.6933,,65.864199999999997,,,137.000,7.65,5.22,0,10.0020799999999994
1991-10-01,8.347500000000000,9.3800000000000008,1.6893,,66.890410000000003,,,137.200,7.53,4.99,0,9.8718810000000001
1991-11-01,8.315000000000000,9.4299999999999997,1.6208,,67.170290000000008,,,137.800,7.42,4.56,0,9.9183199999999996
1991-12-01,8.212500000000000,9.5800000000000001,1.5630,,67.263580000000005,,,138.200,7.09,4.07,0,9.8923249999999996
1992-01-01,7.947500000000000,9.5299999999999994,1.5788,,67.636750000000006,,,138.300,7.03,3.80,0,9.6113900000000001
1992-02-01,7.920000000000000,9.6099999999999994,1.6186,,68.009919999999994,,,138.600,7.34,3.84,0,9.5469910000000002
1992-03-01,8.027500000000000,9.6999999999999993,1.6616,,68.289789999999996,,,139.100,7.54,4.04,0,9.5811930000000007
1992-04-01,8.035000000000000,9.7500000000000000,1.6493,,68.569659999999999,,,139.400,7.48,3.75,0,9.6231089999999995
1992-05-01,8.074999999999999,9.7899999999999991,1.6225,,68.756249999999994,,,139.700,7.39,3.63,0,9.5796559999999999
1992-06-01,8.067500000000001,9.7500000000000000,1.5726,,68.942830000000001,,,140.100,7.26,3.66,0,9.8254459999999995
1992-07-01,8.125000000000000,9.7799999999999994,1.4914,,69.129419999999996,,,140.500,6.84,3.21,0,10.0330899999999996
1992-08-01,8.039999999999999,9.8800000000000008,1.4475,,69.129419999999996,,,140.800,6.59,3.13,0,10.1013599999999997
1992-09-01,7.652500000000000,9.5000000000000000,1.4514,,69.129419999999996,,,141.100,6.42,2.91,0,10.0218600000000002
1992-10-01,7.452500000000000,8.9399999999999995,1.4851,,69.129419999999996,,,141.700,6.59,2.86,0,10.2244899999999994
1992-11-01,7.360000000000000,8.9399999999999995,1.5875,,69.409289999999999,,,142.100,6.87,3.13,0,9.8812999999999995
1992-12-01,7.320000000000000,9.0399999999999991,1.5822,,69.502589999999998,,,142.300,6.77,3.22,0,9.9328009999999995
1993-01-01,7.132500000000000,8.5899999999999999,1.6144,,70.715389999999999,,,142.800,6.60,3.00,0,9.7027049999999999
1993-02-01,6.905000000000000,8.4000000000000004,1.6414,,71.275140000000007,,,143.100,6.26,2.93,0,9.4030369999999994
1993-03-01,6.637500000000000,7.9800000000000004,1.6466,,71.461720000000000,,,143.300,5.98,2.95,0,9.1457820000000005
1993-04-01,6.677500000000000,7.9199999999999999,1.5964,,71.648309999999995,,,143.800,5.97,2.87,0,9.1558840000000004
1993-05-01,6.830000000000000,7.5099999999999998,1.6071,,71.741600000000005,,,144.200,6.04,2.96,0,9.0422940000000001
1993-06-01,6.807500000000000,7.5999999999999996,1.6547,,71.928179999999998,,,144.300,5.96,3.07,0,8.7796230000000008
1993-07-01,6.607500000000000,7.2400000000000002,1.7157,,72.301349999999999,,,144.500,5.81,3.04,0,8.4018280000000001
1993-08-01,6.372500000000000,6.6100000000000003,1.6944,,72.301349999999999,,,144.800,5.68,3.02,0,7.9197430000000004
1993-09-01,6.190000000000000,6.6299999999999999,1.6219,,72.208050000000000,,,145.000,5.36,2.95,0,7.6120000000000001
1993-10-01,5.985000000000000,6.6400000000000006,1.6405,,72.208050000000000,,,145.600,5.33,3.02,0,7.3614579999999998
1993-11-01,5.982500000000000,6.3100000000000005,1.7005,,72.301349999999999,,,146.000,5.72,3.10,0,7.3806360000000000
1993-12-01,5.830000000000000,6.1100000000000003,1.7105,,72.487930000000006,,,146.300,5.77,3.06,0,7.1852780000000003
1994-01-01,5.815000000000000,5.8899999999999997,1.7426,,72.861099999999993,,,146.300,5.75,2.98,0,6.6900000000000004
1994-02-01,6.135000000000000,5.9100000000000001,1.7355,,73.420850000000002,,,146.700,5.97,3.25,0,6.8799999999999999
1994-03-01,6.345000000000000,5.8399999999999999,1.6909,,73.514139999999998,,,147.100,6.48,3.50,0,7.3499999999999996
1994-04-01,6.607000000000000,5.5899999999999999,1.6984,,73.607439999999997,,,147.200,6.97,3.68,0,7.4600000000000000
1994-05-01,6.663500000000000,5.2000000000000002,1.6565,,73.794019999999989,,,147.500,7.18,4.14,0,7.7500000000000000
1994-06-01,7.052380952380950,5.0700000000000003,1.6271,,73.887309999999999,,,147.900,7.10,4.14,0,8.3699999999999992
1994-07-01,6.896190476190480,4.9699999999999998,1.5674,,74.073899999999995,,,148.400,7.30,4.33,0,8.3900000000000006
1994-08-01,7.089565217391300,5.0000000000000000,1.5646,,74.260480000000001,,,149.000,7.24,4.48,0,8.6799999999999997
1994-09-01,7.515454545454550,5.0700000000000003,1.5491,,74.073899999999995,,,149.300,7.46,4.62,0,9.1199999999999992
1994-10-01,7.541500000000000,5.2199999999999998,1.5195,,73.980609999999999,,,149.400,7.74,4.95,0,9.1600000000000001
1994-11-01,7.491428571428570,5.2100000000000000,1.5396,,74.073899999999995,,,149.800,7.96,5.29,0,9.1199999999999992
1994-12-01,7.460952380952380,5.4000000000000004,1.5716,,74.260480000000001,,,150.100,7.81,5.60,0,9.1400000000000006
1995-01-01,7.595909090909090,5.1600000000000001,1.5302,,74.540359999999978,,,150.500,7.78,5.71,0,9.3399999999999999
1995-02-01,7.424000000000000,5.1000000000000005,1.5022,,74.913530000000023,,,150.900,7.47,5.77,0,9.1899999999999995
1995-03-01,7.277391304347830,5.0700000000000003,1.4061,,74.913530000000023,,,151.200,7.20,5.73,0,9.4299999999999997
1995-04-01,7.088333333333330,4.6799999999999997,1.3812,,75.006819999999991,,,151.800,7.06,5.65,0,9.2599999999999998
1995-05-01,6.862380952380950,4.5899999999999999,1.4096,,75.006819999999991,,,152.100,6.63,5.67,0,8.7799999999999994
1995-06-01,6.783000000000000,4.5300000000000002,1.4012,,75.100110000000001,,,152.400,6.17,5.47,0,8.7500000000000000
1995-07-01,6.862380952380950,4.5600000000000005,1.3886,,75.286699999999996,,,152.600,6.28,5.42,0,8.7100000000000009
1995-08-01,6.746086956521740,4.4600000000000000,1.4456,,75.286699999999996,,,152.900,6.49,5.40,0,8.4700000000000006
1995-09-01,6.585238095238100,4.1900000000000004,1.4601,,75.286699999999996,,,153.100,6.20,5.28,0,8.3599999999999994
1995-10-01,6.565238095238100,4.0899999999999999,1.4143,,75.100110000000001,,,153.500,6.04,5.28,0,8.4800000000000004
1995-11-01,6.341818181818180,4.0099999999999998,1.4173,,75.100110000000001,,,153.700,5.93,5.36,0,8.1600000000000001
1995-12-01,6.074736842105260,3.9399999999999999,1.4406,,75.379990000000006,,,153.900,5.71,5.14,0,7.8200000000000003
1996-01-01,5.887272727272730,3.6099999999999999,1.4635,,75.566569999999999,56.95,,154.700,5.65,5.00,0,7.4400000000000004
1996-02-01,6.204285714285710,3.3500000000000001,1.4669,,76.033040000000000,57.29,,155.000,5.81,4.83,0,7.6600000000000001
1996-03-01,6.445238095238100,3.3599999999999999,1.4776,,76.033040000000000,57.35,,155.500,6.27,4.96,0,7.8300000000000001
1996-04-01,6.377000000000000,3.3300000000000001,1.5044,,76.033040000000000,57.29,,156.100,6.51,4.95,0,7.6200000000000001
1996-05-01,6.446000000000000,3.2900000000000000,1.5324,,76.126330000000010,57.41,,156.400,6.74,5.02,0,7.4800000000000004
1996-06-01,6.558947368421050,3.3900000000000001,1.5282,,76.219619999999978,57.47,,156.700,6.91,5.09,0,7.5099999999999998
1996-07-01,6.478695652173910,3.3799999999999999,1.5025,,76.312910000000002,57.58,,157.000,6.87,5.15,0,7.3899999999999997
1996-08-01,6.302272727272730,3.2900000000000000,1.4826,,76.312910000000002,57.52,,157.200,6.64,5.05,0,7.3099999999999996
1996-09-01,6.226666666666670,3.1200000000000001,1.5080,,76.312910000000002,57.52,,157.700,6.83,5.09,0,7.1299999999999999
1996-10-01,6.008636363636360,3.1200000000000001,1.5277,,76.312910000000002,57.47,,158.200,6.53,4.99,0,6.6799999999999997
1996-11-01,5.859523809523810,3.1899999999999999,1.5118,,76.219619999999978,57.41,,158.700,6.20,5.03,0,6.4299999999999997
1996-12-01,5.790000000000000,3.2300000000000000,1.5525,,76.499490000000023,57.64,55.74,159.100,6.30,4.91,0,6.3099999999999996
1997-01-01,5.804090909090910,3.1400000000000001,1.6047,,77.152529999999999,57.98,55.91,159.400,6.58,5.03,0,6.2300000000000004
1997-02-01,5.544500000000000,3.1899999999999999,1.6747,,77.245829999999998,58.21,56.03,159.700,6.42,5.01,0,6.0599999999999996
1997-03-01,5.715263157894740,3.2599999999999998,1.6946,,77.245829999999998,58.15,56.10,159.800,6.69,5.14,0,6.3200000000000003
1997-04-01,5.866818181818180,3.2300000000000000,1.7119,,77.152529999999999,57.98,56.09,159.900,6.89,5.16,0,6.3899999999999997
1997-05-01,5.761111111111110,3.1699999999999999,1.7048,,77.339119999999994,58.21,56.25,159.900,6.71,5.05,0,6.1799999999999997
1997-06-01,5.718571428571430,3.1400000000000001,1.7277,,77.432410000000004,58.33,56.27,160.200,6.49,4.93,0,6.0899999999999999
1997-07-01,5.556521739130440,3.1400000000000001,1.7939,,78.085459999999998,58.50,56.30,160.400,6.22,5.05,0,5.8300000000000001
1997-08-01,5.660000000000000,3.2599999999999998,1.8400,,78.178749999999994,58.56,56.40,160.800,6.30,5.14,0,5.9400000000000004
1997-09-01,5.592727272727270,3.3100000000000001,1.7862,,77.992159999999998,58.38,56.45,161.200,6.21,4.95,0,5.6600000000000001
1997-10-01,5.578181818181820,3.5800000000000001,1.7575,,77.898870000000002,58.33,56.48,161.500,6.03,4.97,0,5.7500000000000000
1997-11-01,5.556500000000000,3.7400000000000002,1.7323,,77.898870000000002,58.33,56.56,161.700,5.88,5.14,0,5.5899999999999999
1997-12-01,5.327368421052630,3.7400000000000002,1.7788,,78.085459999999998,58.44,56.63,161.800,5.81,5.16,0,5.4600000000000000
1998-01-01,5.112380952380950,3.5700000000000003,1.8165,,78.085459999999998,58.38,56.58,162.000,5.54,5.04,0,5.2199999999999998
1998-02-01,4.989000000000000,3.5099999999999998,1.8123,,78.272040000000004,58.56,56.73,162.000,5.57,5.09,0,5.1200000000000001
1998-03-01,4.899545454545450,3.5200000000000000,1.8272,,78.178749999999994,58.44,56.80,162.000,5.65,5.03,0,5.0099999999999998
1998-04-01,4.902000000000000,3.6299999999999999,1.8132,,78.272040000000004,58.50,56.94,162.200,5.64,4.95,0,5.0000000000000000
1998-05-01,4.964736842105260,3.6299999999999999,1.7753,,78.365330000000000,58.73,57.06,162.600,5.65,5.00,0,5.0599999999999996
1998-06-01,4.798500000000000,3.5600000000000001,1.7928,,78.458629999999999,58.79,57.09,162.800,5.50,4.98,0,4.9100000000000001
1998-07-01,4.684782608695650,3.5400000000000000,1.7976,,78.738500000000002,58.96,57.09,163.200,5.46,4.96,0,4.8200000000000003
1998-08-01,4.425238095238090,3.5000000000000000,1.7869,,78.551919999999996,58.90,57.11,163.400,5.34,4.90,0,4.5899999999999999
1998-09-01,4.060909090909090,3.4900000000000002,1.6990,,78.365330000000000,58.67,57.09,163.500,4.81,4.61,0,4.2699999999999996
1998-10-01,4.064545454545450,3.5700000000000003,1.6381,,78.272040000000004,58.56,57.08,163.900,4.53,3.96,0,4.2500000000000000
1998-11-01,4.120476190476190,3.6299999999999999,1.6827,,78.272040000000004,58.56,57.08,164.100,4.83,4.41,0,4.2400000000000002
1998-12-01,3.863500000000000,3.3799999999999999,1.6698,,78.365330000000000,58.56,57.11,164.400,4.65,4.39,0,3.9500000000000002
1999-01-01,3.702000000000000,3.1320999999999999,1.6874,1.1591,78.272040000000004,58.50,57.07,164.700,4.72,4.34,0,3.8219986190476201
1999-02-01,3.849000000000000,3.0933999999999999,1.7458,1.1203,78.365330000000000,58.61,57.20,164.700,5.00,4.44,0,3.9742402000000001
1999-03-01,4.037826086956520,3.0466956999999999,1.7966,1.0886,78.365330000000000,58.73,57.38,164.800,5.23,4.44,0,4.1809844347826095
1999-04-01,3.850000000000000,2.6964545000000002,1.8277,1.0701,78.738500000000002,58.96,57.59,165.900,5.18,4.29,0,4.0406932272727296
1999-05-01,4.012105263157890,2.5789523999999999,1.8399,1.0630,78.738500000000002,58.96,57.63,166.000,5.54,4.50,0,4.2048531428571403
1999-06-01,4.360476190476190,2.6266818000000001,1.8848,1.0377,78.831789999999998,59.02,57.62,166.000,5.90,4.57,0,4.5266514999999998
1999-07-01,4.676363636363640,2.6764545000000002,1.8860,1.0370,79.204960000000000,59.30,57.71,166.700,5.79,4.55,0,4.8561608636363598
1999-08-01,4.879090909090910,2.6950455000000000,1.8443,1.0605,79.111669999999989,59.30,57.78,167.100,5.94,4.72,0,5.0605728636363603
1999-09-01,5.040454545454550,2.7266818000000002,1.8632,1.0497,78.925089999999997,59.13,57.83,167.800,5.92,4.68,0,5.2353354545454600
1999-10-01,5.292380952380950,3.3756667000000000,1.8269,1.0706,78.831789999999998,59.07,57.86,168.100,6.11,4.86,0,5.4716358095238098
1999-11-01,5.040000000000000,3.4676817999999998,1.8937,1.0328,79.018380000000022,59.13,57.94,168.400,6.03,5.07,0,5.1842068181818197
1999-12-01,5.147619047619050,3.4460454999999999,1.9345,1.0110,79.298259999999999,59.36,58.15,168.800,6.28,5.20,0,5.3043565217391295
2000-01-01,5.539523809523810,3.3431429000000001,1.9305,1.0131,79.484840000000005,59.48,58.17,169.300,6.66,5.32,0,5.6985392380952398
2000-02-01,5.508571428571430,3.5367619000000001,1.9888,0.9834,79.578130000000002,59.59,58.36,170.000,6.52,5.55,0,5.6635993809523804
2000-03-01,5.333043478260870,3.7470435000000002,2.0282,0.9643,79.578130000000002,59.56,58.57,171.000,6.26,5.69,0,5.4906287826086997
2000-04-01,5.225555555555560,3.9252777999999999,2.0699,0.9449,79.578130000000002,59.56,58.62,170.900,5.99,5.66,0,5.4137985000000004
2000-05-01,5.378181818181820,4.3620454999999998,2.1590,0.9059,79.484840000000005,59.47,58.70,171.200,6.44,5.79,0,5.5154974782608708
2000-06-01,5.191363636363640,4.5017272999999998,2.0577,0.9505,79.858009999999993,59.78,58.90,172.200,6.10,5.69,0,5.3453751363636401
2000-07-01,5.266190476190480,4.5829047999999997,2.0838,0.9386,80.231180000000009,60.03,58.95,172.700,6.05,5.96,0,5.4537355238095202
2000-08-01,5.210434782608700,4.7770869999999999,2.1623,0.9045,80.044589999999999,59.87,59.00,172.700,5.83,6.09,0,5.3981782173913002
2000-09-01,5.263333333333330,4.8528095000000002,2.2494,0.8695,80.231180000000009,60.03,59.26,173.600,5.80,6.00,0,5.4671846666666708
2000-10-01,5.207142857142860,5.0412727000000004,2.2942,0.8525,80.137889999999999,59.93,59.29,173.900,5.74,6.11,0,5.4162590000000002
2000-11-01,5.153636363636360,5.0919544999999999,2.2870,0.8552,80.231180000000009,59.99,59.41,174.200,5.72,6.17,0,5.3357014090909107
2000-12-01,4.890526315789470,4.9391578999999997,2.1773,0.8983,80.884219999999999,60.62,59.64,174.600,5.24,5.77,0,5.0680264761904796
2001-01-01,4.803181818181820,4.7707272999999999,2.0860,0.9376,80.604340000000022,60.24,59.39,175.600,5.16,5.15,0,5.0082062173913000
2001-02-01,4.777500000000000,4.7557999999999998,2.1247,0.9205,81.070800000000006,60.62,59.57,176.000,5.10,4.88,0,5.0210686000000004
2001-03-01,4.667727272727270,4.7086363999999996,2.1533,0.9083,81.070800000000006,60.63,59.89,176.100,4.89,4.42,0,4.9381224090909104
2001-04-01,4.827894736842110,4.6820000000000004,2.1914,0.8925,81.443969999999993,60.87,60.25,176.400,5.14,3.87,1,5.1013778571428601
2001-05-01,5.046818181818180,4.6366817999999999,2.2345,0.8753,81.723849999999999,61.14,60.53,177.300,5.39,3.62,1,5.2625182173912997
2001-06-01,5.000000000000000,4.4535714000000004,2.2929,0.8530,81.817140000000009,61.24,60.63,177.700,5.28,3.49,1,5.2082877142857100
2001-07-01,5.015909090909090,4.4671364000000002,2.2703,0.8615,81.910430000000005,61.35,60.49,177.400,5.24,3.51,1,5.2500248636363596
2001-08-01,4.823913043478260,4.3535216999999999,2.1698,0.9014,81.723849999999999,61.19,60.44,177.400,4.97,3.36,1,5.0582136086956497
2001-09-01,4.813000000000000,3.9828500000000000,2.1460,0.9114,81.723849999999999,61.12,60.60,178.100,4.73,2.64,1,5.0374284999999999
2001-10-01,4.599565217391300,3.5998695999999999,2.1611,0.9050,81.630549999999999,60.92,60.66,177.600,4.57,2.16,1,4.8168694347826095
2001-11-01,4.447727272727270,3.3856818000000000,2.2018,0.8883,81.443969999999993,60.79,60.62,177.500,4.65,1.87,1,4.6666604999999999
2001-12-01,4.735882352941180,3.3448888999999999,2.1946,0.8912,82.190309999999997,61.46,60.89,177.400,5.09,1.69,0,4.9587674285714307
2002-01-01,4.862727272727270,3.3387726999999998,,0.8832,82.283600000000007,61.52,60.96,177.700,5.04,1.65,0,5.0228877826086897
2002-02-01,4.919500000000000,3.3571000000000000,,0.8707,82.563479999999998,61.71,61.06,178.000,4.91,1.72,0,5.0661149999999999
2002-03-01,5.161000000000000,3.3908000000000000,,0.8766,82.750059999999991,61.81,61.40,178.500,5.28,1.79,0,5.3164610476190495
2002-04-01,5.155238095238100,3.4069048000000000,,0.8860,82.656769999999995,61.76,61.68,179.300,5.21,1.71,0,5.2972424545454500
2002-05-01,5.167727272727270,3.4671363999999998,,0.9170,82.750059999999991,61.83,61.79,179.500,5.16,1.73,0,5.3031433043478300
2002-06-01,5.017500000000000,3.4640000000000000,,0.9561,82.750059999999991,61.78,61.77,179.600,4.93,1.70,0,5.1648675500000003
2002-07-01,4.867391304347830,3.4100000000000001,,0.9935,82.843350000000001,61.99,61.70,180.000,4.65,1.68,0,5.0274076086956496
2002-08-01,4.589545454545450,3.3519090999999999,,0.9781,82.750059999999991,61.86,61.75,180.500,4.26,1.62,0,4.7310545454545503
2002-09-01,4.385238095238090,3.3101429000000002,,0.9806,82.750059999999991,61.78,61.90,180.800,3.87,1.63,0,4.5232902380952398
2002-10-01,4.463913043478260,3.2612608999999999,,0.9812,82.656769999999995,61.71,62.05,181.200,3.94,1.58,0,4.6234652608695699
2002-11-01,4.477619047619050,3.1241428999999998,,1.0013,82.376890000000003,61.48,62.00,181.500,4.05,1.23,0,4.5923678095238092
2002-12-01,4.335555555555560,2.9410500000000002,,1.0194,83.123230000000007,62.16,62.30,181.800,4.03,1.19,0,4.4064960454545501
2003-01-01,4.180000000000000,2.8318181999999998,,1.0622,83.123230000000007,62.14,62.27,182.600,4.05,1.17,0,4.2703242173913001
2003-02-01,3.955000000000000,2.6874500000000001,,1.0785,83.589690000000004,62.49,62.52,183.600,3.90,1.17,0,4.0607910499999997
2003-03-01,4.000476190476190,2.5299524000000000,,1.0797,83.682980000000001,62.55,62.88,183.900,3.81,1.13,0,4.1271641428571400
2003-04-01,4.147000000000000,2.5333500000000000,,1.0862,83.403109999999998,62.38,62.98,183.200,3.96,1.13,0,4.2288636363636396
2003-05-01,3.815238095238100,2.4005238000000002,,1.1556,83.216519999999988,62.22,62.94,182.900,3.57,1.07,0,3.9187085000000002
2003-06-01,3.616666666666670,2.1518571000000000,,1.1674,83.496399999999994,62.37,63.02,183.100,3.33,0.92,0,3.7233098571428598
2003-07-01,3.972608695652170,2.1300435000000002,,1.1365,83.682980000000001,62.53,62.92,183.700,3.98,0.90,0,4.0626237826086999
2003-08-01,4.130000000000000,2.1404285999999999,,1.1155,83.682980000000001,62.56,63.02,184.500,4.45,0.95,0,4.2046960476190494
2003-09-01,4.171363636363640,2.1473182000000000,,1.1267,83.589690000000004,62.49,63.24,185.100,4.27,0.94,0,4.2318513636363697
2003-10-01,4.221304347826090,2.1435651999999998,,1.1714,83.589690000000004,62.43,63.34,184.900,4.29,0.92,0,4.3080683043478301
2003-11-01,4.353000000000000,2.1590500000000001,,1.1710,83.403109999999998,62.30,63.36,185.000,4.30,0.93,0,4.4378368999999998
2003-12-01,4.291052631578950,2.1463333000000002,,1.2298,84.056150000000002,62.87,63.56,185.500,4.27,0.90,0,4.3560047826087001
2004-01-01,4.170952380952380,2.0894762000000000,,1.2638,84.056150000000002,62.87,63.42,186.300,4.15,0.88,0,4.2567033181818204
2004-02-01,4.110000000000000,2.0705499999999999,,1.2640,84.242739999999998,62.99,63.57,186.700,4.08,0.93,0,4.1832801499999999
2004-03-01,3.913478260869570,2.0288260999999999,,1.2261,84.522610000000000,63.24,63.97,187.100,3.83,0.94,0,4.0194105652173908
2004-04-01,4.097000000000000,2.0487500000000001,,1.1989,84.802480000000003,63.42,64.30,187.400,4.35,0.94,0,4.2424263181818196
2004-05-01,4.253333333333330,2.0858571000000001,,1.2000,84.989069999999998,63.57,64.50,188.200,4.72,1.02,0,4.3862070952380998
2004-06-01,4.312727272727270,2.1126817999999998,,1.2146,84.989069999999998,63.57,64.54,188.900,4.73,1.27,0,4.4426013636363599
2004-07-01,4.236818181818180,2.1160454999999998,,1.2266,85.175650000000005,63.78,64.40,189.100,4.50,1.33,0,4.3395704999999998
2004-08-01,4.080454545454550,2.1142726999999999,,1.2191,85.268940000000001,63.90,64.53,189.200,4.28,1.48,0,4.1678858181818201
2004-09-01,4.016363636363640,2.1185909000000001,,1.2224,85.082359999999994,63.64,64.60,189.800,4.13,1.65,0,4.1139713181818198
2004-10-01,3.894761904761900,2.1473333000000001,,1.2507,85.175650000000005,63.81,64.85,190.800,4.10,1.76,0,3.9794187142857105
2004-11-01,3.780454545454550,2.1703182000000001,,1.2997,84.989069999999998,63.53,64.81,191.700,4.19,2.07,0,3.8686873636363601
2004-12-01,3.579523809523810,2.1731739000000001,,1.3406,85.921990000000022,64.25,65.05,191.700,4.23,2.19,0,3.6893467391304400
2005-01-01,3.564761904761900,2.1454285999999998,,1.3123,85.268940000000001,63.88,64.65,191.600,4.22,2.33,0,3.6336001428571398
2005-02-01,3.544000000000000,2.1383500000000000,,1.3013,85.642110000000002,64.13,64.89,192.400,4.17,2.54,0,3.6152795000000002
2005-03-01,3.696190476190480,2.1371905000000000,,1.3185,86.015280000000004,64.37,65.37,193.100,4.50,2.74,0,3.7624571304347798
2005-04-01,3.482380952380950,2.1372380999999998,,1.2943,85.828699999999998,64.38,65.64,193.700,4.34,2.78,0,3.5709419523809500
2005-05-01,3.304090909090910,2.1256363999999999,,1.2697,86.015280000000004,64.60,65.78,193.600,4.14,2.84,0,3.4074311818181799
2005-06-01,3.126363636363640,2.1110454999999999,,1.2155,86.108570000000000,64.69,65.86,193.700,4.00,2.97,0,3.2541141818181800
2005-07-01,3.205714285714290,2.1194286000000000,,1.2041,86.481740000000002,65.00,65.78,194.900,4.18,3.22,0,3.3159929523809502
2005-08-01,3.232608695652170,2.1324782999999998,,1.2295,86.575040000000001,65.09,65.94,196.100,4.26,3.44,0,3.3155436086956498
2005-09-01,3.067727272727270,2.1391363999999999,,1.2234,86.668330000000012,65.32,66.28,198.800,4.20,3.42,0,3.1555376818181800
2005-10-01,3.238571428571430,2.1966190000000001,,1.2022,86.761619999999994,65.35,66.45,199.100,4.46,3.71,0,3.3233599523809501
2005-11-01,3.448181818181820,2.3608636000000001,,1.1789,86.481740000000002,64.99,66.31,198.100,4.54,3.88,0,3.5272545454545501
2005-12-01,3.337619047619050,2.4728571000000001,,1.1861,87.134789999999995,65.64,66.53,198.100,4.47,3.89,0,3.4089818636363600
2006-01-01,3.321363636363640,2.5116817999999999,,1.2126,86.854910000000004,65.26,66.24,199.300,4.42,4.24,0,3.3927014090909098
2006-02-01,3.472500000000000,2.6003500000000002,,1.1940,87.228080000000006,65.52,66.42,199.400,4.57,4.43,0,3.5510043499999999
2006-03-01,3.637391304347830,2.7226086999999999,,1.2028,87.228080000000006,65.55,66.81,199.700,4.72,4.51,0,3.7311823478260897
2006-04-01,3.895000000000000,2.7937778000000000,,1.2273,87.507959999999997,65.80,67.25,200.700,4.99,4.60,0,4.0116373999999997
2006-05-01,3.962727272727270,2.8889999999999998,,1.2767,87.507959999999997,65.93,67.44,201.300,5.11,4.72,0,4.0602954347826099
2006-06-01,3.960454545454550,2.9856818000000001,,1.2661,87.694540000000003,66.05,67.49,201.800,5.11,4.79,0,4.0750885909090897
2006-07-01,4.010000000000000,3.1021904999999999,,1.2681,88.067709999999991,66.36,67.41,202.900,5.09,4.95,0,4.0962879047619101
2006-08-01,3.883913043478260,3.2264783000000001,,1.2810,87.881129999999999,66.25,67.47,203.800,4.88,4.96,0,3.9681833043478303
2006-09-01,3.753809523809520,3.3353809999999999,,1.2722,87.601249999999993,65.94,67.47,202.800,4.72,4.81,0,3.8398482857142895
2006-10-01,3.787727272727270,3.5019999999999998,,1.2617,87.694540000000003,66.04,67.53,201.900,4.73,4.92,0,3.8812864090909103
2006-11-01,3.714090909090910,3.5971818000000000,,1.2888,87.694540000000003,65.94,67.55,202.000,4.60,4.94,0,3.8040629090909106
2006-12-01,3.770526315789470,3.6842104999999998,,1.3205,88.347589999999997,66.54,67.81,203.100,4.56,4.85,0,3.9026030952381001
2007-01-01,4.016818181818180,3.7518636000000001,,1.2993,88.347589999999997,66.44,67.47,203.437,4.76,4.98,0,4.1028094782608706
2007-02-01,4.049000000000000,3.8182000000000000,,1.3080,88.720749999999995,66.73,67.67,204.226,4.72,5.03,0,4.1175186000000004
2007-03-01,3.940909090909090,3.8909091000000000,,1.3246,88.907330000000002,66.87,68.12,205.288,4.56,4.94,0,4.0227168636363597
2007-04-01,4.152105263157900,3.9752632000000001,,1.3513,89.373790000000000,67.13,68.55,205.904,4.69,4.87,0,4.2458817142857104
2007-05-01,4.279047619047620,4.0713635999999997,,1.3518,89.373790000000000,67.27,68.71,206.755,4.75,4.73,0,4.3730959565217402
2007-06-01,4.560476190476190,4.1477618999999999,,1.3421,89.373790000000000,67.34,68.78,207.234,5.10,4.61,0,4.6607553333333298
2007-07-01,4.505000000000000,4.2161818000000002,,1.3726,89.840260000000001,67.66,68.62,207.603,5.00,4.82,0,4.6284248636363596
2007-08-01,4.296521739130430,4.5436087000000001,,1.3626,89.746960000000001,67.56,68.67,207.667,4.67,4.20,0,4.4263127826086999
2007-09-01,4.226000000000000,4.7416999999999998,,1.3910,89.933549999999997,67.68,68.93,208.547,4.52,3.89,0,4.3694046999999996
2007-10-01,4.282608695652170,4.6873912999999998,,1.4233,90.120130000000003,67.80,69.27,209.190,4.53,3.90,0,4.4002149130434800
2007-11-01,4.089090909090910,4.6385455000000002,,1.4683,90.586590000000001,68.17,69.65,210.834,4.15,3.27,0,4.2515403636363596
2007-12-01,4.205882352941180,4.8483684000000000,,1.4559,91.146349999999998,68.61,69.92,211.445,4.10,3.00,0,4.3817618571428598
2008-01-01,4.027727272727270,4.4815455000000002,,1.4728,90.866470000000007,68.37,69.68,212.174,3.74,2.75,1,4.2317453043478306
2008-02-01,3.952857142857140,4.3620951999999997,,1.4759,91.239639999999994,68.72,69.92,212.687,3.74,2.12,1,4.1393709523809505
2008-03-01,3.799473684210530,4.5963684000000002,,1.5520,91.706100000000006,69.09,70.61,213.448,3.51,1.26,1,4.0705122380952403
2008-04-01,4.040000000000000,4.7835000000000001,,1.5754,91.519520000000000,68.90,70.84,213.942,3.68,1.29,1,4.2827465000000000
2008-05-01,4.201904761904760,4.8573810000000002,,1.5554,92.079269999999994,69.35,71.28,215.208,3.88,1.73,1,4.4232708181818197
2008-06-01,4.520476190476190,4.9405238000000002,,1.5562,92.265850000000000,69.57,71.56,217.463,4.10,1.86,1,4.8092517142857103
2008-07-01,4.490434782608700,4.9610000000000003,,1.5759,92.825609999999998,70.01,71.45,219.016,4.01,1.63,1,4.8145092173912998
2008-08-01,4.202380952380950,4.9651905000000003,,1.4955,92.545730000000006,69.76,71.35,218.690,3.89,1.72,1,4.4960430476190494
2008-09-01,4.094090909090910,5.0191818000000001,,1.4342,92.452439999999996,69.71,71.49,218.877,3.69,1.13,1,4.5042984090909108
2008-10-01,3.883478260869570,5.1130870000000002,,1.3266,92.265850000000000,69.52,71.51,216.995,3.81,0.67,1,4.4158255217391300
2008-11-01,3.556500000000000,4.2382999999999997,,1.2744,91.799390000000002,69.13,71.17,213.153,3.53,0.19,1,4.1964262500000000
2008-12-01,3.047894736842110,3.2926190000000002,,1.3511,92.172560000000004,69.39,71.08,211.398,2.42,0.03,1,3.8881413043478306
2009-01-01,3.070952380952380,2.4565237999999998,,1.3244,91.706100000000006,69.03,70.50,211.933,2.52,0.13,1,4.0998949534215905
2009-02-01,3.127500000000000,1.9430499999999999,,1.2797,92.265850000000000,69.45,70.79,212.705,2.87,0.30,1,4.1964882557912304
2009-03-01,3.019545454545450,1.6354545000000000,,1.3050,92.079269999999994,69.31,71.05,212.495,2.82,0.21,1,4.1419713659199298
2009-04-01,3.133000000000000,1.4222999999999999,,1.3199,92.172560000000004,69.36,71.30,212.709,2.93,0.16,1,4.0893431671258700
2009-05-01,3.371000000000000,1.2817000000000001,,1.3646,92.079269999999994,69.30,71.34,213.022,3.29,0.18,1,4.1331358514652203
2009-06-01,3.473636363636360,1.2279091000000000,,1.4014,92.359150000000000,69.56,71.48,214.790,3.72,0.18,1,4.3249540935653696
2009-07-01,3.337826086956520,0.9749565000000000,,1.4092,92.359150000000000,69.54,71.01,214.726,3.56,0.18,0,4.0886772643195597
2009-08-01,3.305238095238100,0.8604762000000000,,1.4266,92.545730000000006,69.71,71.25,215.445,3.59,0.17,0,3.8914923361481200
2009-09-01,3.263181818181820,0.7720909000000000,,1.4575,92.265850000000000,69.41,71.26,215.861,3.40,0.12,0,3.8669805999254199
2009-10-01,3.209090909090910,0.7375000000000000,,1.4821,92.265850000000000,69.45,71.42,216.509,3.39,0.07,0,3.8038635928819104
2009-11-01,3.217142857142860,0.7161905000000000,,1.4908,92.172560000000004,69.34,71.51,217.234,3.40,0.05,0,3.8349723018409696
2009-12-01,3.138500000000000,0.7120455000000000,,1.4579,92.918890000000005,70.00,71.73,217.347,3.59,0.05,0,3.8716228988030199
2010-01-01,3.257500000000000,0.6797500000000000,,1.4266,92.359150000000000,69.50,71.15,217.488,3.73,0.06,0,4.1016700202215501
2010-02-01,3.170000000000000,0.6617000000000000,,1.3680,92.732320000000001,69.77,71.37,217.281,3.69,0.11,0,4.1059944043884302
2010-03-01,3.102173913043480,0.6449565000000000,,1.3570,93.198769999999996,70.16,72.16,217.353,3.73,0.15,0,3.9866653738846201
2010-04-01,3.064500000000000,0.6447000000000001,,1.3417,93.292060000000006,70.07,72.45,217.403,3.85,0.16,0,4.1670592216174098
2010-05-01,2.734285714285710,0.6865238000000000,,1.2563,93.198769999999996,70.15,72.54,217.290,3.42,0.16,0,3.6841737444140601
2010-06-01,2.543181818181820,0.7275909000000000,,1.2223,93.198769999999996,70.17,72.54,217.199,3.20,0.12,0,3.6898290407093799
2010-07-01,2.615909090909090,0.8488182000000000,,1.2811,93.385350000000003,70.36,72.23,217.605,3.01,0.16,0,3.6103851019220801
2010-08-01,2.350000000000000,0.8955000000000000,,1.2903,93.478650000000002,70.41,72.37,217.923,2.70,0.16,0,3.4378818275118901
2010-09-01,2.300454545454550,0.8804999999999999,,1.3103,93.385350000000003,70.31,72.60,218.275,2.65,0.15,0,3.4921166716541800
2010-10-01,2.345714285714290,0.9976667000000000,,1.3901,93.478650000000002,70.38,72.81,219.035,2.54,0.13,0,3.3293244041429202
2010-11-01,2.532727272727270,1.0420455000000000,,1.3654,93.571939999999998,70.44,72.88,219.590,2.76,0.14,0,3.7182547054331998
2010-12-01,2.914761904761900,1.0216957000000000,,1.3221,94.131690000000006,71.25,73.32,220.472,3.29,0.14,0,4.0534993150717105
2011-01-01,3.016666666666670,1.0172380999999999,,1.3371,93.945110000000000,70.88,72.80,221.187,3.39,0.15,0,3.9326299436839105
2011-02-01,3.199000000000000,1.0867500000000001,,1.3656,94.504859999999994,71.30,73.11,221.898,3.58,0.13,0,4.4747876173476708
2011-03-01,3.211739130434780,1.1755217000000000,,1.4020,95.064610000000002,71.75,74.09,223.046,3.41,0.10,0,4.4879345878340002
2011-04-01,3.340526315789470,1.3212105000000001,,1.4460,95.064610000000002,71.95,74.51,224.093,3.46,0.06,0,4.6604113722863296
2011-05-01,3.060909090909090,1.4250909000000000,,1.4335,95.064610000000002,71.85,74.52,224.806,3.17,0.04,0,4.3674792592262897
2011-06-01,2.890909090909090,1.4885908999999999,,1.4403,95.157910000000001,71.88,74.51,224.806,3.00,0.04,0,4.3743837775344305
2011-07-01,2.743809523809520,1.5976189999999999,,1.4275,95.344489999999993,72.19,74.09,225.395,3.00,0.04,0,4.5966833745233293
2011-08-01,2.213478260869570,1.5520870000000000,,1.4333,95.437780000000004,72.18,74.22,226.106,2.30,0.02,0,4.2044927845058302
2011-09-01,1.829090909090910,1.5364545000000001,,1.3747,95.624369999999999,72.28,74.77,226.597,1.98,0.01,0,4.0344970829973397
2011-10-01,2.002380952380950,1.5758570999999999,,1.3732,95.624369999999999,72.36,75.03,226.750,2.15,0.02,0,4.0777591140701102
2011-11-01,1.874090909090910,1.4846817999999999,,1.3558,95.810950000000005,72.34,75.09,227.169,2.01,0.01,0,4.3917472691869506
2011-12-01,1.927619047619050,1.4260952000000000,,1.3155,95.997540000000001,72.87,75.34,227.223,1.98,0.01,0,4.0926229141741697
2012-01-01,1.820909090909090,1.2222272999999999,,1.2910,95.904240000000001,72.51,74.74,227.842,1.97,0.03,0,3.9043380560816399
2012-02-01,1.851904761904760,1.0482857000000001,,1.3238,96.557289999999995,73.12,75.11,228.329,1.97,0.09,0,3.7440872627129198
2012-03-01,1.830454545454550,0.8584545000000000,,1.3208,97.117030000000000,73.44,76.08,228.807,2.17,0.08,0,3.2827648089977699
2012-04-01,1.624210526315790,0.7443158000000000,,1.3160,96.930459999999997,73.56,76.43,229.187,2.05,0.08,0,3.3818772975928102
2012-05-01,1.336818181818180,0.6849091000000000,,1.2806,96.930459999999997,73.38,76.33,228.713,1.80,0.09,0,3.5255447229250301
2012-06-01,1.300476190476190,0.6588571000000000,,1.2541,96.743870000000001,73.26,76.27,228.524,1.62,0.09,0,3.4059941523185100
2012-07-01,1.242272727272730,0.4970455000000000,,1.2278,97.117030000000000,73.54,75.87,228.590,1.53,0.10,0,3.2489945978390602
2012-08-01,1.341739130434780,0.3323913000000000,,1.2406,97.490200000000002,73.80,76.16,229.918,1.68,0.10,0,3.0080360064114098
2012-09-01,1.490500000000000,0.2463000000000000,,1.2885,97.583500000000001,73.81,76.72,231.015,1.72,0.11,0,2.4186734334510498
2012-10-01,1.466956521739130,0.2079130000000000,,1.2974,97.583500000000001,73.82,76.90,231.638,1.75,0.10,0,2.3057818010952000
2012-11-01,1.335909090909090,0.1920000000000000,,1.2837,97.676789999999997,73.72,76.74,231.249,1.65,0.09,0,2.2466511802569098
2012-12-01,1.299411764705880,0.1854737000000000,,1.3119,97.956670000000003,74.36,77.02,231.221,1.72,0.07,0,2.0990673620469198
2013-01-01,1.512272727272730,0.2049091000000000,,1.3304,97.490200000000002,73.88,76.22,231.679,1.91,0.07,0,2.3942180579713699
2013-02-01,1.543500000000000,0.2233500000000000,,1.3347,98.049959999999999,74.42,76.50,232.937,1.98,0.10,0,2.8579232751291999
2013-03-01,1.354500000000000,0.2060500000000000,,1.2953,98.516419999999997,74.79,77.40,232.282,1.96,0.09,0,3.0268070553043098
2013-04-01,1.196190476190480,0.2089048000000000,,1.3025,98.049959999999999,74.35,77.33,231.797,1.76,0.06,0,2.8557349612922400
2013-05-01,1.294090909090910,0.2012273000000000,,1.2983,98.423130000000000,74.55,77.41,231.893,1.93,0.04,0,2.6845614746870599
2013-06-01,1.530500000000000,0.2102500000000000,,1.3197,98.516419999999997,74.64,77.50,232.445,2.30,0.05,0,3.0696380612024101
2013-07-01,1.565652173913040,0.2214348000000000,,1.3088,98.982879999999994,74.98,77.08,232.900,2.58,0.04,0,3.1014138053421800
2013-08-01,1.735000000000000,0.2258636000000000,,1.3314,98.982879999999994,74.96,77.18,233.456,2.74,0.04,0,3.0968389887237300
2013-09-01,1.888095238095240,0.2232381000000000,,1.3364,98.982879999999994,74.94,77.55,233.544,2.81,0.02,0,3.4070926109098099
2013-10-01,1.762173913043480,0.2258261000000000,,1.3646,98.796300000000002,74.74,77.46,233.669,2.62,0.05,0,3.1629836999224001
2013-11-01,1.677142857142860,0.2233810000000000,,1.3491,98.982879999999994,74.91,77.39,234.100,2.72,0.07,0,3.1711818720052900
2013-12-01,1.797777777777780,0.2735000000000000,,1.3708,99.356049999999996,75.29,77.67,234.719,2.90,0.07,0,3.3129166515365598
2014-01-01,1.755909090909090,0.2920455000000000,,1.3618,98.796300000000002,74.74,76.80,235.288,2.86,0.04,0,3.2117343633851601
2014-02-01,1.558500000000000,0.2881000000000000,,1.3665,99.262760000000000,75.17,77.04,235.547,2.71,0.05,0,3.0887577306855598
2014-03-01,1.508571428571430,0.3053333000000000,,1.3828,99.542630000000003,75.38,77.76,236.028,2.72,0.05,0,2.8861057500879199
2014-04-01,1.456500000000000,0.3297500000000000,,1.3810,99.356049999999996,75.20,77.88,236.468,2.71,0.03,0,2.6100201282735598
2014-05-01,1.327142857142860,0.3245714000000000,,1.3739,99.262760000000000,75.05,77.79,236.918,2.56,0.03,0,2.5548775114717799
2014-06-01,1.264285714285710,0.2414286000000000,,1.3595,99.542630000000003,75.32,77.88,237.231,2.60,0.04,0,2.2750932766175000
2014-07-01,1.114347826086960,0.2050435000000000,,1.3533,99.822509999999994,75.54,77.37,237.498,2.54,0.03,0,2.1569547255719899
2014-08-01,0.956190476190476,0.1915714000000000,,1.3315,99.822509999999994,75.56,77.46,237.460,2.42,0.03,0,1.9907639370715500
2014-09-01,0.921363636363636,0.0970909000000000,,1.2889,99.822509999999994,75.55,77.80,237.477,2.53,0.02,0,1.8492647678743599
2014-10-01,0.790909090909091,0.0826087000000000,,1.2677,99.542630000000003,75.30,77.75,237.430,2.30,0.02,0,1.6893827901523000
2014-11-01,0.719000000000000,0.0809000000000000,,1.2473,99.542630000000003,75.31,77.61,236.983,2.33,0.02,0,1.6167656524527401
2014-12-01,0.588947368421053,0.0809048000000000,,1.2329,99.542630000000003,75.34,77.54,236.252,2.21,0.03,0,1.4464759050122500
2015-01-01,0.390000000000000,0.0626667000000000,,1.1615,98.516419999999997,74.40,76.34,234.747,1.88,0.03,0,1.2657150322761099
2015-02-01,0.302000000000000,0.0482000000000000,,1.1350,99.216539999999995,75.09,76.81,235.342,1.98,0.02,0,1.2088800243276900
2015-03-01,0.227272727272727,0.0271818000000000,,1.0819,99.716620000000006,75.56,77.71,235.976,2.04,0.03,0,0.9505888314020851
2015-04-01,0.122000000000000,0.0047000000000000,,1.0822,100.216700000000003,75.99,78.04,236.222,1.94,0.02,0,0.8498140816327610
2015-05-01,0.555789473684210,-0.0103684000000000,,1.1167,100.416700000000006,76.23,78.26,237.001,2.20,0.02,0,1.3301127429287400
2015-06-01,0.792727272727273,-0.0139091000000000,,1.1226,100.416700000000006,76.19,78.27,237.657,2.36,0.02,0,1.6594547322593700
2015-07-01,0.710000000000000,-0.0187391000000000,,1.0997,100.616799999999998,76.46,77.79,238.034,2.32,0.03,0,1.5296605672460499
2015-08-01,0.608571428571429,-0.0276667000000000,,1.1136,100.616799999999998,76.43,77.79,238.033,2.17,0.07,0,1.3876669575016800
2015-09-01,0.654090909090909,-0.0370455000000000,,1.1229,100.416700000000006,76.21,77.96,237.498,2.17,0.02,0,1.4798980805363500
2015-10-01,0.518181818181818,-0.0535909000000000,,1.1228,100.416700000000006,76.17,78.05,237.733,2.07,0.02,0,1.2024014136124299
2015-11-01,0.516190476190476,-0.0876190000000000,,1.0727,99.716620000000006,75.45,77.72,238.017,2.26,0.12,0,1.1537191796848001
2015-12-01,0.545500000000000,-0.1263182000000000,,1.0889,99.716620000000006,75.52,77.73,237.761,2.24,0.23,0,1.1917891294330301
2016-01-01,0.430500000000000,-0.1461500000000000,,1.0855,99.016499999999994,74.67,76.58,237.652,2.09,0.26,0,1.1145005917844399
2016-02-01,0.172857142857143,-0.1835714000000000,,1.1092,99.316550000000007,74.98,76.71,237.336,1.78,0.31,0,1.0418309566342101
2016-03-01,0.171428571428571,-0.2285238000000000,,1.1134,100.016700000000000,75.67,77.67,238.080,1.89,0.29,0,0.9306953011534680
2016-04-01,0.134285714285714,-0.2491905000000000,,1.1346,100.116699999999994,75.73,77.84,238.992,1.81,0.23,0,0.9601518584452881
2016-05-01,0.132857142857143,-0.2571818000000000,,1.1312,100.616799999999998,76.17,78.16,239.557,1.81,0.27,0,0.9723313973750950
2016-06-01,-0.016818181818182,-0.2679091000000000,,1.1232,100.716800000000006,76.27,78.30,240.222,1.64,0.27,0,0.8829781665855660
2016-07-01,-0.154285714285714,-0.2945238000000000,,1.1055,101.116900000000001,76.73,77.92,240.101,1.50,0.30,0,0.6210881960690880
2016-08-01,-0.131739130434783,-0.2982174000000000,,1.1207,101.016800000000003,76.63,77.97,240.545,1.56,0.30,0,0.6111508673743790
2016-09-01,-0.084090909090909,-0.3016364000000000,,1.1218,101.016800000000003,76.61,78.27,241.176,1.63,0.29,0,0.7325425246146510
2016-10-01,0.002000000000000,-0.3090000000000000,,1.1014,101.216899999999995,76.73,78.45,241.741,1.76,0.33,0,0.7664177523759330
2016-11-01,0.189090909090909,-0.3126818000000000,,1.0792,100.516800000000003,76.00,78.17,242.026,2.14,0.45,0,1.2258877715688301
2016-12-01,0.251904761904762,-0.3157619000000000,,1.0545,101.216899999999995,76.70,78.58,242.637,2.49,0.51,0,1.2832093264024500
2017-01-01,0.250909090909091,-0.3255455000000000,,1.0635,100.616799999999998,76.00,77.91,243.618,2.43,0.51,0,1.3073870274615800
2017-02-01,0.258000000000000,-0.3286000000000000,,1.0650,101.216899999999995,76.57,78.21,244.006,2.42,0.52,0,1.4371413342055099
2017-03-01,0.348260869565217,-0.3293478000000000,,1.0691,101.416899999999998,76.78,78.87,243.892,2.48,0.74,0,1.4531367304093801
2017-04-01,0.225555555555556,-0.3303889000000000,,1.0714,101.816999999999993,77.24,79.31,244.193,2.30,0.80,0,1.2625750482260900
2017-05-01,0.336363636363636,-0.3294545000000000,,1.1050,101.816999999999993,77.20,79.25,244.004,2.30,0.89,0,1.1723715718344401
2017-06-01,0.250476190476190,-0.3300000000000000,,1.1233,102.117000000000004,77.54,79.32,244.163,2.19,0.98,0,1.0721102953597601
2017-07-01,0.455714285714286,-0.3304286000000000,,1.1530,102.517099999999999,78.00,78.96,244.243,2.32,1.07,0,1.2064700975284499
2017-08-01,0.346086956521739,-0.3290870000000000,,1.1813,102.617099999999994,78.08,79.17,245.183,2.21,1.01,0,1.0445317451506300
2017-09-01,0.347142857142857,-0.3293810000000000,,1.1913,102.717100000000002,78.06,79.49,246.435,2.20,1.03,0,1.1159210842141301
2017-10-01,0.372500000000000,-0.3295455000000000,,1.1755,102.517099999999999,77.86,79.53,246.626,2.36,1.07,0,1.1494041564741300
2017-11-01,0.308181818181818,-0.3290000000000000,,1.1743,102.117000000000004,77.35,79.36,247.284,2.35,1.23,0,0.9487316306729550
2017-12-01,0.296842105263158,-0.3278947000000000,,1.1836,102.617099999999994,77.85,79.64,247.805,2.40,1.32,0,0.8790262987475100
2018-01-01,0.474545454545455,-0.3284545000000000,,1.2197,102.016999999999996,77.07,78.92,248.859,2.58,1.41,0,1.0309297282513199
2018-02-01,0.659000000000000,-0.3285000000000000,,1.2340,102.317099999999996,77.49,79.09,249.529,2.86,1.57,0,1.2696633762068701
2018-03-01,0.529523809523810,-0.3279048000000000,,1.2334,102.917199999999994,78.06,79.97,249.577,2.84,1.70,0,1.1683977492290001
2018-04-01,0.480000000000000,-0.3284500000000000,,1.2270,103.117199999999997,78.24,80.29,250.227,2.87,1.76,0,1.1255318128397100
2018-05-01,0.450000000000000,-0.3252273000000000,,1.1823,103.917299999999997,79.04,80.79,250.792,2.98,1.86,0,1.2362154251037800
2018-06-01,0.327142857142857,-0.3220476000000000,,1.1679,104.017300000000006,79.11,80.88,251.018,2.91,1.90,0,1.2873305715739900
2018-07-01,0.274545454545455,-0.3207273000000000,,1.1685,104.417400000000001,79.71,80.70,251.214,2.89,1.96,0,1.1958831468590900
2018-08-01,0.290869565217391,-0.3190000000000000,,1.1547,104.517399999999995,79.74,80.82,251.663,2.89,2.03,0,1.3657883976352800
2018-09-01,0.370500000000000,-0.3188500000000000,,1.1667,104.717500000000001,79.81,81.14,252.182,3.00,2.13,0,1.3191615430823900
2018-10-01,0.399090909090909,-0.3176957000000000,,1.1488,104.917500000000004,79.91,81.34,252.772,3.15,2.25,0,1.5539942648261200
2018-11-01,0.314090909090909,-0.3163636000000000,,1.1364,104.217399999999998,78.98,80.89,252.594,3.12,2.33,0,1.4051794678971901
2018-12-01,0.187058823529412,-0.3118947000000000,,1.1380,104.217399999999998,79.11,80.85,252.767,2.83,2.37,0,1.2105588684294599
2019-01-01,0.132727272727273,-0.3080000000000000,,1.1418,103.417199999999994,78.40,80.01,252.561,2.71,2.37,0,1.2024206642641799
2019-02-01,0.055500000000000,-0.3084500000000000,,1.1349,103.817300000000003,78.80,80.27,253.319,2.68,2.39,0,1.1199990801844799
2019-03-01,0.010952380952381,-0.3091905000000000,,1.1296,104.217399999999998,79.14,81.09,254.277,2.57,2.40,0,0.9919727443875360
2019-04-01,-0.039500000000000,-0.3104500000000000,,1.1234,105.217500000000001,79.91,81.67,255.233,2.53,2.38,0,0.9520383651237880
2019-05-01,-0.134545454545455,-0.3118636000000000,,1.1187,105.417599999999993,80.10,81.78,255.296,2.40,2.35,0,0.8714841920560880
2019-06-01,-0.315263157894737,-0.3289000000000000,,1.1295,105.717600000000004,80.35,81.91,255.213,2.07,2.17,0,0.5739756986387941
2019-07-01,-0.388260869565217,-0.3648696000000000,,1.1211,106.217699999999994,80.68,81.52,255.802,2.06,2.10,0,0.3575868379118980
2019-08-01,-0.649090909090909,-0.4076818000000000,,1.1129,106.017700000000005,80.56,81.64,256.036,1.63,1.95,0,0.0995032681576103
2019-09-01,-0.594761904761905,-0.4175714000000000,,1.1011,106.017700000000005,80.54,81.82,256.430,1.70,1.89,0,0.0475229326100400
2019-10-01,-0.469545454545455,-0.4128696000000000,,1.1058,106.117699999999999,80.58,81.93,257.155,1.71,1.65,0,0.1315678197517260
2019-11-01,-0.352380952380952,-0.4012857000000000,,1.1051,105.317599999999999,79.94,81.67,257.879,1.81,1.54,0,0.3012676435533450
2019-12-01,-0.299444444444444,-0.3947000000000000,,1.1114,105.817599999999999,80.37,81.93,258.630,1.86,1.54,0,0.3660364610777840
2020-01-01,-0.313636363636364,-0.3911364000000000,,1.1098,105.217500000000001,79.70,81.10,259.127,1.76,1.52,0,0.3158674686853610
2020-02-01,-0.466000000000000,-0.4088500000000000,,1.0911,105.533799999999999,80.14,81.25,259.250,1.50,1.52,0,0.1322627309921670
2020-03-01,-0.541363636363636,-0.4166364000000000,,1.1046,105.744699999999995,80.18,81.69,258.076,0.87,0.29,1,0.3726343262904830
2020-04-01,-0.449500000000000,-0.2540500000000000,,1.0871,105.850099999999998,80.55,81.93,256.032,0.66,0.14,1,0.5537761486987860
2020-05-01,-0.516500000000000,-0.2719500000000000,,1.0907,105.850099999999998,80.48,81.85,255.802,0.67,0.13,0,0.4791357427569660
2020-06-01,-0.434285714285714,-0.3760000000000000,,1.1259,105.955500000000001,81.02,82.13,257.042,0.73,0.16,0,0.3514592915173740
2020-07-01,-0.523043478260870,-0.4441304000000000,,1.1488,105.112099999999998,80.64,81.84,258.352,0.62,0.13,0,0.2208853101863520
2020-08-01,-0.523333333333333,-0.4797143000000000,,1.1831,105.112099999999998,80.48,81.50,259.316,0.65,0.10,0,0.1600719539250140
2020-09-01,-0.524090909090909,-0.4913636000000000,,1.1785,105.112099999999998,80.24,81.56,259.997,0.68,0.11,0,0.1234636702947540
2020-10-01,-0.607272727272727,-0.5091364000000000,,1.1768,105.322999999999993,80.22,81.71,260.319,0.79,0.10,0,0.0003605895975517
2020-11-01,-0.614761904761905,-0.5208571000000000,,1.1826,105.112099999999998,79.39,81.43,260.911,0.87,0.09,0,-0.0550423146444472
2020-12-01,-0.618500000000000,-0.5380909000000000,,1.2168,105.217500000000001,79.85,81.70,262.045,0.93,0.09,0,-0.0918818166552814
2021-01-01,-0.583500000000000,-0.5471500000000000,,1.2178,106.482699999999994,80.96,81.84,262.687,1.08,0.08,0,-0.0637567597967504
2021-02-01,-0.445500000000000,-0.5411000000000000,,1.2094,107.115200000000002,81.42,82.01,263.579,1.26,0.04,0,0.0632093685662669
2021-03-01,-0.364782608695652,-0.5390870000000000,,1.1902,107.642399999999995,81.76,82.78,264.961,1.61,0.03,0,0.1478562381998870
2021-04-01,-0.325000000000000,-0.5381500000000000,,1.1965,107.958699999999993,82.18,83.25,266.614,1.64,0.02,0,0.2049191886118190
2021-05-01,-0.223500000000000,-0.5400952000000000,,1.2146,108.169499999999999,82.44,83.47,268.383,1.62,0.02,0,0.3771510274973330
2021-06-01,-0.288636363636364,-0.5429091000000000,,1.2048,108.485799999999998,82.68,83.69,270.654,1.52,0.04,0,0.3039732971489430
2021-07-01,-0.451363636363636,-0.5448182000000000,,1.1821,109.013000000000005,83.18,83.61,271.903,1.32,0.05,0,0.1633645328741830
2021-08-01,-0.538636363636364,-0.5475909000000000,,1.1767,109.118399999999994,83.25,83.90,272.676,1.28,0.05,0,0.0594693793304723
2021-09-01,-0.362727272727273,-0.5450455000000000,,1.1765,109.434700000000007,83.44,84.30,273.910,1.37,0.04,0,0.1970811982243600
2021-10-01,-0.204285714285714,-0.5498095000000000,,1.1600,109.961799999999997,83.95,85.02,276.550,1.58,0.05,0,0.3524978673981190
2021-11-01,-0.313636363636364,-0.5673636000000000,,1.1416,110.172700000000006,84.12,85.40,278.919,1.56,0.05,0,0.3122061866374500
2021-12-01,-0.384285714285714,-0.5819565000000000,,1.1301,110.383499999999998,84.38,85.76,280.845,1.47,0.06,0,0.2784320048039680
2022-01-01,-0.114761904761905,-0.5601429000000000,,1.1317,110.910700000000006,85.11,86.02,282.543,1.76,0.15,0,0.5345430521613870
2022-02-01,0.150000000000000,-0.5315000000000000,,1.1349,111.754099999999994,85.85,86.83,284.500,1.93,0.33,0,0.9441379814391390
2022-03-01,0.281739130434783,-0.4954348000000000,,1.1019,113.968100000000007,88.00,88.94,287.674,2.13,0.44,0,1.0534865628078900
2022-04-01,0.746315789473684,-0.4478947000000000,,1.0803,114.706100000000006,88.65,89.45,288.561,2.75,0.76,0,1.5678767004927601
2022-05-01,0.952727272727273,-0.3857273000000000,,1.0567,115.760400000000004,89.57,90.19,291.298,2.90,0.98,0,1.8741307319654501
2022-06-01,1.445000000000000,-0.2392273000000000,,1.0567,115.760400000000004,89.55,90.92,294.957,3.14,1.49,0,2.4387440003435099
2022-07-01,1.081904761904760,0.0366190000000000,,1.0168,116.287499999999994,90.18,91.02,294.913,2.90,2.23,0,2.0929553620185701
2022-08-01,1.034347826086960,0.3947391000000000,,1.0129,116.709199999999996,90.60,91.58,295.097,2.90,2.63,0,2.0565546859462400
2022-09-01,1.795454545454550,1.0108636000000000,,0.9899,118.817800000000005,92.60,92.67,296.349,3.52,3.13,0,2.8138013028994102
2022-10-01,2.186666666666670,1.4276667000000001,,0.9853,119.661199999999994,93.65,94.05,298.007,3.98,3.72,0,3.1841570172328302
2022-11-01,2.066363636363640,1.8252273000000001,,1.0192,119.872100000000003,93.64,93.98,298.786,3.89,4.15,0,2.9374516754233801
2022-12-01,2.085238095238100,2.0634762000000002,,1.0591,119.344899999999996,92.48,93.65,298.832,3.62,4.25,0,2.9995603766952899
2023-01-01,2.192727272727270,2.3448636000000000,,1.0777,120.504700000000000,92.98,93.45,300.420,3.53,4.54,0,3.0440745482552600
2023-02-01,2.370500000000000,2.6403500000000002,,1.0702,121.453500000000005,93.87,94.21,301.450,3.75,4.65,0,3.2210431383377101
2023-03-01,2.383478260869570,2.9105652000000002,,1.0711,122.402400000000000,94.81,95.06,301.821,3.66,4.69,0,3.2331314256176800
2023-04-01,2.359444444444440,3.1794443999999999,,1.0962,122.929500000000004,95.34,95.66,302.845,3.46,4.92,0,3.1931480944096902
2023-05-01,2.342272727272730,3.3717272999999999,,1.0867,122.824100000000001,95.21,95.69,303.334,3.57,5.14,0,3.2053125922532200
2023-06-01,2.376363636363640,3.5358635999999999,,1.0840,123.140400000000000,95.59,95.93,304.014,3.75,5.16,0,3.1642152152449401
2023-07-01,2.456666666666670,3.6718095000000002,,1.1067,123.456599999999995,96.05,95.83,304.609,3.90,5.25,0,3.2688975203257900
2023-08-01,2.545652173913040,3.7803043000000001,,1.0910,123.878399999999999,96.40,96.35,306.082,4.17,5.30,0,3.3424397958114098
2023-09-01,2.661428571428570,3.8800476000000002,,1.0672,124.194599999999994,96.54,96.67,307.276,4.38,5.32,0,3.5043110985062600
2023-10-01,2.823181818181820,3.9676364000000000,,1.0565,124.194599999999994,96.40,96.75,307.696,4.80,5.34,0,3.7220683647943398
2023-11-01,2.601363636363640,3.9716364000000000,,1.0819,123.667500000000004,95.75,96.21,308.148,4.50,5.27,0,3.4186882649693300
2023-12-01,2.102105263157890,3.9348947000000001,,1.0909,123.772900000000007,95.94,96.37,308.741,4.02,5.24,0,2.8642750008362099
2024-01-01,2.174545454545450,3.9252726999999998,,1.0899,123.983800000000002,95.80,96.03,309.698,4.06,5.22,0,2.9044164805744899
2024-02-01,2.331904761900000,3.9231905000000000,,1.0793,124.510900000000007,96.42,96.63,310.967,4.21,5.24,0,3.0253849871333300
2024-03-01,2.349500000000000,3.9230999999999998,,1.0870,125.038100000000000,97.04,97.35,312.345,4.21,5.24,0,2.9532979027857702
2024-04-01,2.445714285700000,3.8853333000000001,,1.0724,125.670599999999993,97.62,97.91,313.023,4.54,5.24,0,3.0735609682517899
2024-05-01,2.519545454500000,3.8126818000000000,,1.0810,125.776100000000000,97.83,98.13,313.175,4.48,5.25,0,3.1214919508542200
2024-06-01,2.484500000000000,3.7244999999999999,,1.0763,125.881500000000003,98.03,98.33,313.044,4.31,5.24,0,3.1650202317552298
2024-07-01,2.458260869600000,3.6848261000000000,,1.0847,126.303200000000004,98.52,98.30,313.569,4.25,5.20,0,3.1129962799236801
2024-08-01,2.207727272700000,3.5475908999999999,,1.1020,126.197800000000001,98.42,98.43,314.062,3.87,5.05,0,2.9059124591568799
2024-09-01,2.167142857100000,3.4337143000000001,,1.1104,126.197800000000001,98.34,98.34,314.732,3.72,4.72,0,2.8341648677075200
2024-10-01,2.229565217400000,3.1666086999999998,,1.0895,126.724900000000005,98.68,98.68,315.631,4.10,4.51,0,2.8659339505326900
2024-11-01,2.305714285700000,3.0067618999999999,,1.0621,126.408600000000007,98.06,98.36,316.528,4.36,4.42,0,2.9291315226785000
2024-12-01,2.178888888900000,2.8246000000000002,,1.0472,127.041200000000003,98.66,98.71,317.604,4.39,4.27,0,2.8123430297070202
2025-01-01,2.483636363600000,2.7042727000000002,,1.0356,126.830399999999997,98.47,98.43,318.961,4.63,4.21,0,3.0879565216999998
2025-02-01,2.405500000000000,2.5249500000000000,,1.0413,127.357500000000002,98.95,98.85,319.679,4.45,4.22,0,2.9886550000000001
2025-03-01,2.741428571400000,2.4424285999999999,,1.0813,127.779200000000003,99.32,99.46,319.785,4.28,4.20,0,3.3137723810000002
2025-04-01,2.510500000000000,2.2494000000000001,,1.1232,,99.80,100.02,320.302,4.28,4.21,0,3.0972209090999998
2025-05-01,2.562857142900000,2.0872381000000000,,1.1274,,99.88,99.96,320.620,4.42,4.25,0,3.0709945455000001
2025-06-01,2.519047619000000,1.9836190000000000,,1.1534,,99.97,100.26,321.435,4.38,4.23,0,3.0847609523999999
2025-07-01,2.631304347800000,1.9863478000000001,,1.1671,,100.35,100.28,322.169,4.39,4.25,0,3.1735630435000002
2025-08-01,2.673333333300000,2.0210952000000000,,1.1647,,100.42,100.42,323.291,4.26,4.12,0,3.2050457143000002
2025-09-01,2.693181818200000,2.0272727000000001,,1.1739,,100.65,100.52,324.245,4.12,3.92,0,3.2330461969000002
2025-10-01,2.617826087000000,2.0344348000000001,,1.1641,,100.95,100.73,,4.06,3.82,0,3.1239221739000000
2025-11-01,2.657500000000000,2.0416500000000002,,1.1558,,100.56,100.44,325.063,4.09,3.78,0,3.1361574999999999
2025-12-01,2.814210526300000,2.0484285999999998,,1.1710,,100.67,100.62,326.031,4.14,3.59,0,3.2447326087000001
2026-01-01,2.806666666700000,2.0277273000000000,,1.1744,,100.56,100.04,326.588,4.21,3.57,0,3.2209840909000000
2026-02-01,2.745000000000000,2.0112999999999999,,1.1824,,100.94,100.70,327.460,4.13,3.60,0,
2026-03-01,2.910000000000000,2.1094091000000001,,1.1557,,102.10,101.98,330.293,4.25,3.61,0,
2026-04-01,3.001000000000000,2.1753000000000000,,1.1697,,102.66,103.02,332.407,4.32,3.61,0,
2026-05-01,3.046500000000000,2.2261000000000002,,1.1681,,102.54,103.10,333.979,4.48,3.60,0,
2026-06-01,2.964090909090910,2.3390000000000000,,1.1516,,102.32,103.00,332.568,4.47,3.66,0,
2026-07-01,3.070434782608700,2.4253912999999998,,1.1423,,103.20,103.22,332.813,4.60,3.73,0,
2026-08-01,3.180000000000000,2.5131429000000001,,1.1594,,103.36,103.66,334.131,4.68,3.72,0,
