ticker,date,adjclose,close,currency
IEAC.L,2009-03-01,78.43138122558594,102.0,EUR
IEAC.L,2009-03-31,80.69974517822266,104.94999694824219,EUR
IEAC.L,2009-04-30,82.18379974365234,106.87999725341797,EUR
IEAC.L,2009-05-31,82.79126739501953,107.66999816894531,EUR
IEAC.L,2009-06-30,85.62093353271484,111.3499984741211,EUR
IEAC.L,2009-07-31,86.35912322998047,112.30999755859375,EUR
IEAC.L,2009-08-31,87.50484466552734,113.80000305175781,EUR
IEAC.L,2009-09-30,88.25068664550781,114.7699966430664,EUR
IEAC.L,2009-11-01,88.89659881591797,115.61000061035156,EUR
IEAC.L,2009-12-01,86.88197326660156,112.98999786376953,EUR
IEAC.L,2010-01-01,88.32759857177734,114.87000274658203,EUR
IEAC.L,2010-02-01,88.8350601196289,115.52999877929688,EUR
IEAC.L,2010-03-01,89.71166229248047,116.66999816894531,EUR
IEAC.L,2010-03-31,90.18072509765625,117.27999877929688,EUR
IEAC.L,2010-04-30,88.50444793701172,115.0999984741211,EUR
IEAC.L,2010-05-31,88.55057525634766,115.16000366210938,EUR
IEAC.L,2010-06-30,89.62710571289062,116.55999755859375,EUR
IEAC.L,2010-07-31,91.13419342041016,118.5199966430664,EUR
IEAC.L,2010-08-31,90.93426513671875,118.26000213623047,EUR
IEAC.L,2010-09-30,90.8035659790039,118.08999633789062,EUR
IEAC.L,2010-11-01,89.48868560791016,116.37999725341797,EUR
IEAC.L,2010-12-01,87.22801971435547,113.44000244140625,EUR
IEAC.L,2011-01-01,87.26644897460938,113.48999786376953,EUR
IEAC.L,2011-02-01,87.98927307128906,114.43000030517578,EUR
IEAC.L,2011-03-01,87.7739486694336,114.1500015258789,EUR
IEAC.L,2011-03-31,88.2045669555664,114.70999908447266,EUR
IEAC.L,2011-04-30,89.28108215332031,116.11000061035156,EUR
IEAC.L,2011-05-31,87.31259155273438,113.55000305175781,EUR
IEAC.L,2011-06-30,88.0046157836914,114.44999694824219,EUR
IEAC.L,2011-07-31,86.33605194091797,112.27999877929688,EUR
IEAC.L,2011-08-31,85.57479858398438,111.29000091552734,EUR
IEAC.L,2011-09-30,87.44332122802734,113.72000122070312,EUR
IEAC.L,2011-11-01,84.87505340576172,110.37999725341797,EUR
IEAC.L,2011-12-01,85.46714782714844,111.1500015258789,EUR
IEAC.L,2012-01-01,87.98927307128906,114.43000030517578,EUR
IEAC.L,2012-02-01,89.6424560546875,116.58000183105469,EUR
IEAC.L,2012-03-01,90.34989166259766,117.5,EUR
IEAC.L,2012-03-31,90.01155853271484,117.05999755859375,EUR
IEAC.L,2012-04-30,90.36527252197266,117.5199966430664,EUR
IEAC.L,2012-05-31,88.92737579345703,115.6500015258789,EUR
IEAC.L,2012-06-30,90.94965362548828,118.27999877929688,EUR
IEAC.L,2012-07-31,91.7339859008789,119.30000305175781,EUR
IEAC.L,2012-08-31,92.69515991210938,120.55000305175781,EUR
IEAC.L,2012-09-30,93.74089813232422,121.91000366210938,EUR
IEAC.L,2012-11-01,94.54059600830078,122.94999694824219,EUR
IEAC.L,2012-12-01,93.88314819335938,122.09500122070312,EUR
IEAC.L,2013-01-01,92.6028823852539,120.43000030517578,EUR
IEAC.L,2013-02-01,93.77934265136719,121.95999908447266,EUR
IEAC.L,2013-03-01,94.27914428710938,122.61000061035156,EUR
IEAC.L,2013-03-31,95.53250122070312,124.23999786376953,EUR
IEAC.L,2013-04-30,95.23260498046875,123.8499984741211,EUR
IEAC.L,2013-05-31,93.73248291015625,120.23999786376953,EUR
IEAC.L,2013-06-30,94.57437133789062,121.31999969482422,EUR
IEAC.L,2013-07-31,94.2157974243164,120.86000061035156,EUR
IEAC.L,2013-08-31,94.9329833984375,121.77999877929688,EUR
IEAC.L,2013-09-30,96.02433776855469,123.18000030517578,EUR
IEAC.L,2013-11-01,96.25040435791016,123.47000122070312,EUR
IEAC.L,2013-12-01,95.8632583618164,121.43000030517578,EUR
IEAC.L,2014-01-01,97.07111358642578,122.95999908447266,EUR
IEAC.L,2014-02-01,97.55268859863281,123.56999969482422,EUR
IEAC.L,2014-03-01,97.98686981201172,124.12000274658203,EUR
IEAC.L,2014-03-31,98.89474487304688,125.2699966430664,EUR
IEAC.L,2014-04-30,99.68418884277344,126.2699966430664,EUR
IEAC.L,2014-05-31,100.33137512207031,125.52999877929688,EUR
IEAC.L,2014-06-30,100.85889434814453,126.19000244140625,EUR
IEAC.L,2014-07-31,101.98583984375,127.5999984741211,EUR
IEAC.L,2014-08-31,102.09773254394531,127.73999786376953,EUR
IEAC.L,2014-09-30,102.56929016113281,128.3300018310547,EUR
IEAC.L,2014-11-01,103.11280822753906,129.00999450683594,EUR
IEAC.L,2014-12-01,103.69489288330078,128.44000244140625,EUR
IEAC.L,2015-01-01,104.5910415649414,129.5500030517578,EUR
IEAC.L,2015-02-01,105.20462799072266,130.30999755859375,EUR
IEAC.L,2015-03-01,105.02702331542969,130.08999633789062,EUR
IEAC.L,2015-03-31,104.46186828613281,129.38999938964844,EUR
IEAC.L,2015-04-30,103.9613037109375,128.77000427246094,EUR
IEAC.L,2015-05-31,101.8493881225586,125.0199966430664,EUR
IEAC.L,2015-06-30,103.27507019042969,126.7699966430664,EUR
IEAC.L,2015-07-31,102.50114440917969,125.81999969482422,EUR
IEAC.L,2015-08-31,101.41763305664062,124.48999786376953,EUR
IEAC.L,2015-09-30,103.19358825683594,126.66999816894531,EUR
IEAC.L,2015-11-01,103.79646301269531,127.41000366210938,EUR
IEAC.L,2015-12-01,103.00215148925781,126.43499755859375,EUR
IEAC.L,2016-01-01,103.6006851196289,126.04000091552734,EUR
IEAC.L,2016-02-01,104.06101989746094,126.5999984741211,EUR
IEAC.L,2016-03-01,105.58162689208984,128.4499969482422,EUR
IEAC.L,2016-03-31,105.86933135986328,128.8000030517578,EUR
IEAC.L,2016-04-30,106.06659698486328,129.0399932861328,EUR
IEAC.L,2016-05-31,107.2337875366211,130.4600067138672,EUR
IEAC.L,2016-06-30,109.04580688476562,131.6199951171875,EUR
IEAC.L,2016-07-31,109.23638153076172,131.85000610351562,EUR
IEAC.L,2016-08-31,109.0789566040039,131.66000366210938,EUR
IEAC.L,2016-09-30,108.15105438232422,130.5399932861328,EUR
IEAC.L,2016-11-01,106.98286437988281,129.1300048828125,EUR
IEAC.L,2016-12-01,107.7865219116211,130.10000610351562,EUR
IEAC.L,2017-01-01,107.14845275878906,128.32000732421875,EUR
IEAC.L,2017-02-01,108.35086059570312,129.75999450683594,EUR
IEAC.L,2017-03-01,107.8749008178711,129.19000244140625,EUR
IEAC.L,2017-03-31,108.5345687866211,129.97999572753906,EUR
IEAC.L,2017-04-30,108.88525390625,130.39999389648438,EUR
IEAC.L,2017-05-31,108.28404998779297,129.67999267578125,EUR
IEAC.L,2017-06-30,109.16031646728516,129.74000549316406,EUR
IEAC.L,2017-07-31,109.66514587402344,130.33999633789062,EUR
IEAC.L,2017-08-31,109.43798828125,130.07000732421875,EUR
IEAC.L,2017-09-30,110.64115142822266,131.5,EUR
IEAC.L,2017-11-01,110.4644546508789,131.2899932861328,EUR
IEAC.L,2017-12-01,110.15313720703125,130.9199981689453,EUR
IEAC.L,2018-01-01,109.73489379882812,129.9199981689453,EUR
IEAC.L,2018-02-01,109.71800231933594,129.89999389648438,EUR
IEAC.L,2018-03-01,109.59974670410156,129.75999450683594,EUR
IEAC.L,2018-03-31,109.64198303222656,129.80999755859375,EUR
IEAC.L,2018-04-30,109.1943359375,129.27999877929688,EUR
IEAC.L,2018-05-31,109.17742156982422,129.25999450683594,EUR
IEAC.L,2018-06-30,109.65684509277344,129.0800018310547,EUR
IEAC.L,2018-07-31,109.57189178466797,128.97999572753906,EUR
IEAC.L,2018-08-31,109.29155731201172,128.64999389648438,EUR
IEAC.L,2018-09-30,108.95174407958984,128.25,EUR
IEAC.L,2018-11-01,108.3230972290039,127.51000213623047,EUR
IEAC.L,2018-12-01,108.53547668457031,127.76000213623047,EUR
IEAC.L,2019-01-01,109.98867797851562,128.7100067138672,EUR
IEAC.L,2019-02-01,110.66376495361328,129.5,EUR
IEAC.L,2019-03-01,112.17630767822266,131.27000427246094,EUR
IEAC.L,2019-03-31,112.90267181396484,132.1199951171875,EUR
IEAC.L,2019-04-30,112.56084442138672,131.72000122070312,EUR
IEAC.L,2019-05-31,114.45794677734375,133.94000244140625,EUR
IEAC.L,2019-06-30,116.0182113647461,135.02999877929688,EUR
IEAC.L,2019-07-31,116.65403747558594,135.77000427246094,EUR
IEAC.L,2019-08-31,115.84638977050781,134.8300018310547,EUR
IEAC.L,2019-09-30,115.6058120727539,134.5500030517578,EUR
IEAC.L,2019-11-01,115.3394546508789,134.24000549316406,EUR
IEAC.L,2019-12-01,115.2621078491211,134.14999389648438,EUR
IEAC.L,2020-01-01,116.63756561279297,135.16000366210938,EUR
IEAC.L,2020-02-01,115.60202026367188,133.9600067138672,EUR
IEAC.L,2020-03-01,108.38766479492188,125.5999984741211,EUR
IEAC.L,2020-03-31,112.098388671875,129.89999389648438,EUR
IEAC.L,2020-04-30,112.52984619140625,130.39999389648438,EUR
IEAC.L,2020-05-31,114.04003143310547,132.14999389648438,EUR
IEAC.L,2020-06-30,115.33368682861328,133.0800018310547,EUR
IEAC.L,2020-07-31,115.69766235351562,133.5,EUR
IEAC.L,2020-08-31,115.95764923095703,133.8000030517578,EUR
IEAC.L,2020-09-30,116.60762786865234,134.5500030517578,EUR
IEAC.L,2020-11-01,117.95962524414062,136.11000061035156,EUR
IEAC.L,2020-12-01,118.26295471191406,136.4600067138672,EUR
IEAC.L,2021-01-01,117.95955657958984,135.5050048828125,EUR
IEAC.L,2021-02-01,116.98893737792969,134.38999938964844,EUR
IEAC.L,2021-03-01,117.55475616455078,135.0399932861328,EUR
IEAC.L,2021-03-31,117.33712768554688,134.7899932861328,EUR
IEAC.L,2021-04-30,117.09773254394531,134.51499938964844,EUR
IEAC.L,2021-05-31,117.54605102539062,135.02999877929688,EUR
IEAC.L,2021-06-30,118.8760986328125,136.0749969482422,EUR
IEAC.L,2021-07-31,118.3737564086914,135.5,EUR
IEAC.L,2021-08-31,117.59626007080078,134.61000061035156,EUR
IEAC.L,2021-09-30,116.74011993408203,133.6300048828125,EUR
IEAC.L,2021-11-01,116.89739227294922,133.80999755859375,EUR
IEAC.L,2021-12-01,117.00218963623047,133.92999267578125,EUR
IEAC.L,2022-01-01,115.06668853759766,131.3000030517578,EUR
IEAC.L,2022-02-01,112.35873413085938,128.2100067138672,EUR
IEAC.L,2022-03-01,110.79879760742188,126.43000030517578,EUR
IEAC.L,2022-03-31,107.72274017333984,122.91999816894531,EUR
IEAC.L,2022-04-30,106.4958267211914,121.5199966430664,EUR
IEAC.L,2022-05-31,102.63983154296875,117.12000274658203,EUR
IEAC.L,2022-06-30,108.23171997070312,122.94000244140625,EUR
IEAC.L,2022-07-31,102.8351058959961,116.80999755859375,EUR
IEAC.L,2022-08-31,99.92990112304688,113.51000213623047,EUR
IEAC.L,2022-09-30,99.56896209716797,113.0999984741211,EUR
IEAC.L,2022-11-01,102.73825073242188,116.69999694824219,EUR
IEAC.L,2022-12-01,101.37370300292969,115.1500015258789,EUR
IEAC.L,2023-01-01,103.00030517578125,115.73999786376953,EUR
IEAC.L,2023-02-01,101.21156311035156,113.7300033569336,EUR
IEAC.L,2023-03-01,102.77782440185547,115.48999786376953,EUR
IEAC.L,2023-03-31,103.19609069824219,115.95999908447266,EUR
IEAC.L,2023-04-30,103.26730346679688,116.04000091552734,EUR
IEAC.L,2023-05-31,103.00921630859375,115.75,EUR
IEAC.L,2023-06-30,103.85479736328125,114.91000366210938,EUR
IEAC.L,2023-07-31,103.90902709960938,114.97000122070312,EUR
IEAC.L,2023-08-31,102.96003723144531,113.91999816894531,EUR
IEAC.L,2023-09-30,103.43904113769531,114.44999694824219,EUR
IEAC.L,2023-11-01,105.98773193359375,117.2699966430664,EUR
IEAC.L,2023-12-01,108.89794921875,120.48999786376953,EUR
IEAC.L,2024-01-01,108.6893539428711,118.22000122070312,EUR
IEAC.L,2024-02-01,107.8343276977539,117.29000091552734,EUR
IEAC.L,2024-03-01,109.28694915771484,118.87000274658203,EUR
IEAC.L,2024-03-31,108.17450714111328,117.66000366210938,EUR
IEAC.L,2024-04-30,108.4503173828125,117.95999908447266,EUR
IEAC.L,2024-05-31,109.2042007446289,118.77999877929688,EUR
IEAC.L,2024-06-30,111.08525085449219,118.70999908447266,EUR
IEAC.L,2024-07-31,111.35662841796875,119.0,EUR
IEAC.L,2024-08-31,112.74156951904297,120.4800033569336,EUR
IEAC.L,2024-09-30,112.26432037353516,119.97000122070312,EUR
IEAC.L,2024-11-01,114.27622985839844,122.12000274658203,EUR
IEAC.L,2024-12-01,113.60247039794922,121.4000015258789,EUR
IEAC.L,2025-01-01,114.20252990722656,119.9800033569336,EUR
IEAC.L,2025-02-01,114.82122802734375,120.62999725341797,EUR
IEAC.L,2025-03-01,113.64094543457031,119.38999938964844,EUR
IEAC.L,2025-03-31,114.82122802734375,120.62999725341797,EUR
IEAC.L,2025-04-30,115.46847534179688,121.30999755859375,EUR
IEAC.L,2025-05-31,115.7254867553711,121.58000183105469,EUR
IEAC.L,2025-06-30,116.32547760009766,120.26000213623047,EUR
IEAC.L,2025-07-31,116.27711486816406,120.20999908447266,EUR
IEAC.L,2025-08-31,116.83814239501953,120.79000091552734,EUR
IEAC.L,2025-09-30,117.57328033447266,121.55000305175781,EUR
IEAC.L,2025-11-01,117.37981414794922,121.3499984741211,EUR
IEAC.L,2025-12-01,117.26374816894531,121.2300033569336,EUR
IEAC.L,2026-01-01,118.10821533203125,120.05000305175781,EUR
IEAC.L,2026-02-01,118.60012817382812,120.55000305175781,EUR
IEAC.L,2026-03-01,116.06185150146484,117.97000122070312,EUR
IEAC.L,2026-03-31,117.09486389160156,119.0199966430664,EUR
IEAC.L,2026-04-30,118.13772583007812,120.08000183105469,EUR
IEAC.L,2026-05-31,118.66899108886719,120.62000274658203,EUR
IEAC.L,2026-06-30,117.51000213623047,117.51000213623047,EUR
IEAC.L,2026-07-31,117.37000274658203,117.37000274658203,EUR
IEAC.L,2026-08-31,115.58999633789062,115.58999633789062,EUR
EUNH.DE,2009-03-31,86.09129333496094,101.13970947265625,EUR
EUNH.DE,2009-04-30,84.93693542480469,99.7835922241211,EUR
EUNH.DE,2009-05-31,85.54594421386719,100.49903869628906,EUR
EUNH.DE,2009-06-30,87.05403900146484,102.2707290649414,EUR
EUNH.DE,2009-07-31,87.44481658935547,102.72981262207031,EUR
EUNH.DE,2009-08-31,87.97786712646484,103.3560791015625,EUR
EUNH.DE,2009-09-30,88.04080200195312,103.43000030517578,EUR
EUNH.DE,2009-10-31,88.551513671875,104.02999877929688,EUR
EUNH.DE,2009-11-30,86.52509307861328,101.64936065673828,EUR
EUNH.DE,2009-12-31,86.97679138183594,102.18000030517578,EUR
EUNH.DE,2010-01-31,87.93016052246094,103.30000305175781,EUR
EUNH.DE,2010-02-28,88.51748657226562,103.98999786376953,EUR
EUNH.DE,2010-03-31,87.93865966796875,103.30999755859375,EUR
EUNH.DE,2010-04-30,88.29617309570312,103.7300033569336,EUR
EUNH.DE,2010-05-31,87.30025482177734,102.55999755859375,EUR
EUNH.DE,2010-06-30,88.22806549072266,103.6500015258789,EUR
EUNH.DE,2010-07-31,90.5519027709961,106.37999725341797,EUR
EUNH.DE,2010-08-31,89.4112777709961,105.04000091552734,EUR
EUNH.DE,2010-09-30,89.09632110595703,104.66999816894531,EUR
EUNH.DE,2010-10-31,86.6533432006836,101.80000305175781,EUR
EUNH.DE,2010-11-30,85.07859802246094,99.94999694824219,EUR
EUNH.DE,2010-12-31,84.66149139404297,99.45999908447266,EUR
EUNH.DE,2011-01-31,84.64447784423828,99.44000244140625,EUR
EUNH.DE,2011-02-28,84.0571517944336,98.75,EUR
EUNH.DE,2011-03-31,84.55085754394531,99.33000183105469,EUR
EUNH.DE,2011-04-30,85.36801147460938,100.29000091552734,EUR
EUNH.DE,2011-05-31,83.98054504394531,98.66000366210938,EUR
EUNH.DE,2011-06-30,83.99755859375,98.68000030517578,EUR
EUNH.DE,2011-07-31,86.60226440429688,101.73999786376953,EUR
EUNH.DE,2011-08-31,87.1981201171875,102.44000244140625,EUR
EUNH.DE,2011-09-30,85.54676055908203,100.5,EUR
EUNH.DE,2011-10-31,83.46980285644531,98.05999755859375,EUR
EUNH.DE,2011-11-30,85.41057586669922,100.33999633789062,EUR
EUNH.DE,2011-12-31,86.88317108154297,102.06999969482422,EUR
EUNH.DE,2012-01-31,88.50897979736328,103.9800033569336,EUR
EUNH.DE,2012-02-29,88.51748657226562,103.98999786376953,EUR
EUNH.DE,2012-03-31,88.32172393798828,103.76000213623047,EUR
EUNH.DE,2012-04-30,89.2921142578125,104.9000015258789,EUR
EUNH.DE,2012-05-31,87.44497680664062,102.7300033569336,EUR
EUNH.DE,2012-06-30,88.80689239501953,104.33000183105469,EUR
EUNH.DE,2012-07-31,89.54744720458984,105.19999694824219,EUR
EUNH.DE,2012-08-31,90.64552307128906,106.48999786376953,EUR
EUNH.DE,2012-09-30,91.30097198486328,107.26000213623047,EUR
EUNH.DE,2012-10-31,92.6032943725586,108.79000091552734,EUR
EUNH.DE,2012-11-30,92.02449035644531,108.11000061035156,EUR
EUNH.DE,2012-12-31,91.54781341552734,107.55000305175781,EUR
EUNH.DE,2013-01-31,91.78614807128906,107.83000183105469,EUR
EUNH.DE,2013-02-28,92.28836822509766,108.41999816894531,EUR
EUNH.DE,2013-03-31,94.65472412109375,111.19999694824219,EUR
EUNH.DE,2013-04-30,93.46302795410156,109.80000305175781,EUR
EUNH.DE,2013-05-31,92.01005554199219,106.93000030517578,EUR
EUNH.DE,2013-06-30,92.69844818115234,107.7300033569336,EUR
EUNH.DE,2013-07-31,92.19937896728516,107.1500015258789,EUR
EUNH.DE,2013-08-31,92.87055206298828,107.93000030517578,EUR
EUNH.DE,2013-09-30,94.20427703857422,109.4800033569336,EUR
EUNH.DE,2013-10-31,94.47100830078125,109.79000091552734,EUR
EUNH.DE,2013-11-30,93.8010025024414,107.91000366210938,EUR
EUNH.DE,2013-12-31,95.98282623291016,110.41999816894531,EUR
EUNH.DE,2014-01-31,96.57393646240234,111.0999984741211,EUR
EUNH.DE,2014-02-28,97.45187377929688,112.11000061035156,EUR
EUNH.DE,2014-03-31,98.4254379272461,113.2300033569336,EUR
EUNH.DE,2014-04-30,99.34685516357422,114.29000091552734,EUR
EUNH.DE,2014-05-31,100.34906768798828,114.27999877929688,EUR
EUNH.DE,2014-06-30,101.34131622314453,115.41000366210938,EUR
EUNH.DE,2014-07-31,103.16777801513672,117.48999786376953,EUR
EUNH.DE,2014-08-31,103.3170166015625,117.66000366210938,EUR
EUNH.DE,2014-09-30,103.5892333984375,117.97000122070312,EUR
EUNH.DE,2014-10-31,104.95906829833984,119.52999877929688,EUR
EUNH.DE,2014-11-30,106.08084106445312,119.9197006225586,EUR
EUNH.DE,2014-12-31,108.49606323242188,122.6500015258789,EUR
EUNH.DE,2015-01-31,109.22144317626953,123.47000122070312,EUR
EUNH.DE,2015-02-28,110.59256744384766,125.0199966430664,EUR
EUNH.DE,2015-03-31,109.00916290283203,123.2300033569336,EUR
EUNH.DE,2015-04-30,107.36378479003906,121.37000274658203,EUR
EUNH.DE,2015-05-31,104.49790954589844,117.37999725341797,EUR
EUNH.DE,2015-06-30,106.95499420166016,120.13999938964844,EUR
EUNH.DE,2015-07-31,105.69085693359375,118.72000122070312,EUR
EUNH.DE,2015-08-31,107.14195251464844,120.3499984741211,EUR
EUNH.DE,2015-09-30,108.2903823852539,121.63999938964844,EUR
EUNH.DE,2015-10-31,108.68209838867188,122.08000183105469,EUR
EUNH.DE,2015-11-30,107.52476501464844,120.77999877929688,EUR
EUNH.DE,2015-12-31,109.68053436279297,122.55999755859375,EUR
EUNH.DE,2016-01-31,110.69178771972656,123.69000244140625,EUR
EUNH.DE,2016-02-29,111.27349853515625,124.33999633789062,EUR
EUNH.DE,2016-03-31,110.00272369384766,122.91999816894531,EUR
EUNH.DE,2016-04-30,111.094482421875,124.13999938964844,EUR
EUNH.DE,2016-05-31,113.6181640625,126.95999908447266,EUR
EUNH.DE,2016-06-30,114.53887176513672,127.45999908447266,EUR
EUNH.DE,2016-07-31,114.08056640625,126.94999694824219,EUR
EUNH.DE,2016-08-31,114.38609313964844,127.29000091552734,EUR
EUNH.DE,2016-09-30,111.91487884521484,124.54000091552734,EUR
EUNH.DE,2016-10-31,110.09066009521484,122.51000213623047,EUR
EUNH.DE,2016-11-30,111.02526092529297,123.55000305175781,EUR
EUNH.DE,2016-12-31,108.63542175292969,120.44999694824219,EUR
EUNH.DE,2017-01-31,109.83495330810547,121.77999877929688,EUR
EUNH.DE,2017-02-28,109.23066711425781,121.11000061035156,EUR
EUNH.DE,2017-03-31,109.72672271728516,121.66000366210938,EUR
EUNH.DE,2017-04-30,110.26787567138672,122.26000213623047,EUR
EUNH.DE,2017-05-31,109.75377655029297,121.69000244140625,EUR
EUNH.DE,2017-06-30,109.99514770507812,121.55000305175781,EUR
EUNH.DE,2017-07-31,110.90911102294922,122.55999755859375,EUR
EUNH.DE,2017-08-31,110.34806060791016,121.94000244140625,EUR
EUNH.DE,2017-09-30,111.39777374267578,123.0999984741211,EUR
EUNH.DE,2017-10-31,111.87738800048828,123.62999725341797,EUR
EUNH.DE,2017-11-30,110.88198852539062,122.52999877929688,EUR
EUNH.DE,2017-12-31,110.45650482177734,121.66500091552734,EUR
EUNH.DE,2018-01-31,110.69709014892578,121.93000030517578,EUR
EUNH.DE,2018-02-28,112.47199249267578,123.88500213623047,EUR
EUNH.DE,2018-03-31,111.99081420898438,123.3550033569336,EUR
EUNH.DE,2018-04-30,110.72434997558594,121.95999908447266,EUR
EUNH.DE,2018-05-31,111.414306640625,122.72000122070312,EUR
EUNH.DE,2018-06-30,111.01290130615234,121.87000274658203,EUR
EUNH.DE,2018-07-31,110.46179962158203,121.26499938964844,EUR
EUNH.DE,2018-08-31,110.25228118896484,121.03500366210938,EUR
EUNH.DE,2018-09-30,110.12930297851562,120.9000015258789,EUR
EUNH.DE,2018-10-31,110.7806167602539,121.61499786376953,EUR
EUNH.DE,2018-11-30,111.82817077636719,122.76499938964844,EUR
EUNH.DE,2018-12-31,113.00311279296875,123.6449966430664,EUR
EUNH.DE,2019-01-31,112.52787780761719,123.125,EUR
EUNH.DE,2019-02-28,114.63905334472656,125.43499755859375,EUR
EUNH.DE,2019-03-31,114.58422088623047,125.375,EUR
EUNH.DE,2019-04-30,115.83629608154297,126.74500274658203,EUR
EUNH.DE,2019-05-31,118.45014953613281,129.60499572753906,EUR
EUNH.DE,2019-06-30,120.47589111328125,131.3800048828125,EUR
EUNH.DE,2019-07-31,123.37821960449219,134.5449981689453,EUR
EUNH.DE,2019-08-31,122.84178924560547,133.9600067138672,EUR
EUNH.DE,2019-09-30,121.50296020507812,132.5,EUR
EUNH.DE,2019-10-31,120.39795684814453,131.2949981689453,EUR
EUNH.DE,2019-11-30,119.38926696777344,130.19500732421875,EUR
EUNH.DE,2019-12-31,122.21180725097656,132.8800048828125,EUR
EUNH.DE,2020-01-31,122.63947296142578,133.34500122070312,EUR
EUNH.DE,2020-02-29,119.36068725585938,129.77999877929688,EUR
EUNH.DE,2020-03-31,120.25282287597656,130.75,EUR
EUNH.DE,2020-04-30,120.41377258300781,130.9250030517578,EUR
EUNH.DE,2020-05-31,121.5956039428711,132.2100067138672,EUR
EUNH.DE,2020-06-30,122.87369537353516,133.35000610351562,EUR
EUNH.DE,2020-07-31,121.85088348388672,132.24000549316406,EUR
EUNH.DE,2020-08-31,123.50945281982422,134.0399932861328,EUR
EUNH.DE,2020-09-30,124.5046157836914,135.1199951171875,EUR
EUNH.DE,2020-10-31,124.84555053710938,135.49000549316406,EUR
EUNH.DE,2020-11-30,125.02522277832031,135.68499755859375,EUR
EUNH.DE,2020-12-31,124.30714416503906,134.72500610351562,EUR
EUNH.DE,2021-01-31,121.74210357666016,131.94500732421875,EUR
EUNH.DE,2021-02-28,122.0881118774414,132.32000732421875,EUR
EUNH.DE,2021-03-31,120.74100494384766,130.86000061035156,EUR
EUNH.DE,2021-04-30,120.7502212524414,130.8699951171875,EUR
EUNH.DE,2021-05-31,121.2115707397461,131.3699951171875,EUR
EUNH.DE,2021-06-30,123.4657211303711,133.67999267578125,EUR
EUNH.DE,2021-07-31,122.7268295288086,132.8800048828125,EUR
EUNH.DE,2021-08-31,121.21217346191406,131.24000549316406,EUR
EUNH.DE,2021-09-30,120.63491821289062,130.61500549316406,EUR
EUNH.DE,2021-10-31,122.52364349365234,132.66000366210938,EUR
EUNH.DE,2021-11-30,120.80577087402344,130.8000030517578,EUR
EUNH.DE,2021-12-31,119.2420425415039,128.97999572753906,EUR
EUNH.DE,2022-01-31,117.09256744384766,126.65499877929688,EUR
EUNH.DE,2022-02-28,114.24049377441406,123.56999969482422,EUR
EUNH.DE,2022-03-31,109.91844940185547,118.8949966430664,EUR
EUNH.DE,2022-04-30,107.82445526123047,116.62999725341797,EUR
EUNH.DE,2022-05-31,105.84602355957031,114.48999786376953,EUR
EUNH.DE,2022-06-30,110.20885467529297,119.04000091552734,EUR
EUNH.DE,2022-07-31,104.41789245605469,112.78500366210938,EUR
EUNH.DE,2022-08-31,100.49705505371094,108.55000305175781,EUR
EUNH.DE,2022-09-30,100.63130950927734,108.69499969482422,EUR
EUNH.DE,2022-10-31,103.04767608642578,111.30500030517578,EUR
EUNH.DE,2022-11-30,98.6778335571289,106.58499908447266,EUR
EUNH.DE,2022-12-31,100.74099731445312,108.40499877929688,EUR
EUNH.DE,2023-01-31,98.30157470703125,105.77999877929688,EUR
EUNH.DE,2023-02-28,100.76422882080078,108.43000030517578,EUR
EUNH.DE,2023-03-31,100.6387710571289,108.29499816894531,EUR
EUNH.DE,2023-04-30,101.0244369506836,108.70999908447266,EUR
EUNH.DE,2023-05-31,100.84321594238281,108.51499938964844,EUR
EUNH.DE,2023-06-30,100.53902435302734,107.49500274658203,EUR
EUNH.DE,2023-07-31,100.75881958007812,107.7300033569336,EUR
EUNH.DE,2023-08-31,98.03711700439453,104.81999969482422,EUR
EUNH.DE,2023-09-30,98.5328140258789,105.3499984741211,EUR
EUNH.DE,2023-10-31,101.57251739501953,108.5999984741211,EUR
EUNH.DE,2023-11-30,105.42123413085938,112.71499633789062,EUR
EUNH.DE,2023-12-31,104.6107406616211,110.91999816894531,EUR
EUNH.DE,2024-01-31,103.53558349609375,109.77999877929688,EUR
EUNH.DE,2024-02-29,104.51172637939453,110.81500244140625,EUR
EUNH.DE,2024-03-31,103.06875610351562,109.28500366210938,EUR
EUNH.DE,2024-04-30,102.91313171386719,109.12000274658203,EUR
EUNH.DE,2024-05-31,103.22435760498047,109.44999694824219,EUR
EUNH.DE,2024-06-30,105.54395294189453,110.83000183105469,EUR
EUNH.DE,2024-07-31,105.79154968261719,111.08999633789062,EUR
EUNH.DE,2024-08-31,107.24381256103516,112.61499786376953,EUR
EUNH.DE,2024-09-30,106.10581970214844,111.41999816894531,EUR
EUNH.DE,2024-10-31,108.75798034667969,114.20500183105469,EUR
EUNH.DE,2024-11-30,107.02479553222656,112.38500213623047,EUR
EUNH.DE,2024-12-31,106.90382385253906,111.00499725341797,EUR
EUNH.DE,2025-01-31,107.63574981689453,111.76499938964844,EUR
EUNH.DE,2025-02-28,105.78668212890625,109.84500122070312,EUR
EUNH.DE,2025-03-31,107.8187255859375,111.95500183105469,EUR
EUNH.DE,2025-04-30,108.0113296508789,112.15499877929688,EUR
EUNH.DE,2025-05-31,107.65501403808594,111.78500366210938,EUR
EUNH.DE,2025-06-30,107.42254638671875,110.23500061035156,EUR
EUNH.DE,2025-07-31,106.9401626586914,109.73999786376953,EUR
EUNH.DE,2025-08-31,107.47614288330078,110.29000091552734,EUR
EUNH.DE,2025-09-30,108.53345489501953,111.375,EUR
EUNH.DE,2025-10-31,108.4116439819336,111.25,EUR
EUNH.DE,2025-11-30,107.88542175292969,110.70999908447266,EUR
EUNH.DE,2025-12-31,108.47464752197266,109.8949966430664,EUR
EUNH.DE,2026-01-31,110.07864379882812,111.5199966430664,EUR
EUNH.DE,2026-02-28,107.13223266601562,108.53500366210938,EUR
EUNH.DE,2026-03-31,107.42835235595703,108.83499908447266,EUR
EUNH.DE,2026-04-30,108.59310150146484,110.01499938964844,EUR
EUNH.DE,2026-05-31,109.09651184082031,110.5250015258789,EUR
EUNH.DE,2026-06-30,107.12000274658203,107.12000274658203,EUR
EUNH.DE,2026-07-31,106.44499969482422,106.44499969482422,EUR
EUNH.DE,2026-08-31,104.69000244140625,104.69000244140625,EUR
EXSA.DE,2007-12-31,21.58706283569336,32.599998474121094,EUR
EXSA.DE,2008-01-31,21.401655197143555,32.31999969482422,EUR
EXSA.DE,2008-02-29,20.434879302978516,30.860000610351562,EUR
EXSA.DE,2008-03-31,21.712890625,32.790000915527344,EUR
EXSA.DE,2008-04-30,21.871810913085938,33.029998779296875,EUR
EXSA.DE,2008-05-31,19.428363800048828,29.34000015258789,EUR
EXSA.DE,2008-06-30,19.07740592956543,28.809999465942383,EUR
EXSA.DE,2008-07-31,19.41512107849121,29.31999969482422,EUR
EXSA.DE,2008-08-31,17.117351531982422,25.850000381469727,EUR
EXSA.DE,2008-09-30,14.87918472290039,22.469999313354492,EUR
EXSA.DE,2008-10-31,13.879298210144043,20.959999084472656,EUR
EXSA.DE,2008-11-30,13.263465881347656,20.030000686645508,EUR
EXSA.DE,2008-12-31,12.819804191589355,19.360000610351562,EUR
EXSA.DE,2009-01-31,11.66761302947998,17.6200008392334,EUR
EXSA.DE,2009-02-28,11.81991195678711,17.850000381469727,EUR
EXSA.DE,2009-03-31,13.581313133239746,20.510000228881836,EUR
EXSA.DE,2009-04-30,14.130922317504883,21.34000015258789,EUR
EXSA.DE,2009-05-31,13.813070297241211,20.860000610351562,EUR
EXSA.DE,2009-06-30,15.051352500915527,22.729999542236328,EUR
EXSA.DE,2009-07-31,15.845966339111328,23.93000030517578,EUR
EXSA.DE,2009-08-31,16.276386260986328,24.579999923706055,EUR
EXSA.DE,2009-09-30,15.938672065734863,24.06999969482422,EUR
EXSA.DE,2009-10-31,16.11083984375,24.329999923706055,EUR
EXSA.DE,2009-11-30,16.845863342285156,25.440000534057617,EUR
EXSA.DE,2009-12-31,16.46841812133789,24.8700008392334,EUR
EXSA.DE,2010-01-31,16.422069549560547,24.799999237060547,EUR
EXSA.DE,2010-02-28,17.680206298828125,26.700000762939453,EUR
EXSA.DE,2010-03-31,17.448442459106445,26.350000381469727,EUR
EXSA.DE,2010-04-30,16.65382957458496,25.149999618530273,EUR
EXSA.DE,2010-05-31,16.316118240356445,24.639999389648438,EUR
EXSA.DE,2010-06-30,17.150466918945312,25.899999618530273,EUR
EXSA.DE,2010-07-31,16.845863342285156,25.440000534057617,EUR
EXSA.DE,2010-08-31,17.43520164489746,26.329999923706055,EUR
EXSA.DE,2010-09-30,17.865615844726562,26.979999542236328,EUR
EXSA.DE,2010-10-31,17.653724670410156,26.65999984741211,EUR
EXSA.DE,2010-11-30,18.547664642333984,28.010000228881836,EUR
EXSA.DE,2010-12-31,18.746313095092773,28.309999465942383,EUR
EXSA.DE,2011-01-31,19.137006759643555,28.899999618530273,EUR
EXSA.DE,2011-02-28,18.507932662963867,27.950000762939453,EUR
EXSA.DE,2011-03-31,19.143625259399414,28.90999984741211,EUR
EXSA.DE,2011-04-30,19.10389518737793,28.850000381469727,EUR
EXSA.DE,2011-05-31,18.256303787231445,27.56999969482422,EUR
EXSA.DE,2011-06-30,17.78615379333496,26.860000610351562,EUR
EXSA.DE,2011-07-31,15.998269081115723,24.15999984741211,EUR
EXSA.DE,2011-08-31,15.190407752990723,22.940000534057617,EUR
EXSA.DE,2011-09-30,16.302867889404297,24.6200008392334,EUR
EXSA.DE,2011-10-31,16.064489364624023,24.260000228881836,EUR
EXSA.DE,2011-11-30,16.40220069885254,24.770000457763672,EUR
EXSA.DE,2011-12-31,17.090866088867188,25.809999465942383,EUR
EXSA.DE,2012-01-31,17.799406051635742,26.8799991607666,EUR
EXSA.DE,2012-02-29,17.600744247436523,26.579999923706055,EUR
EXSA.DE,2012-03-31,17.329259872436523,26.170000076293945,EUR
EXSA.DE,2012-04-30,16.316118240356445,24.639999389648438,EUR
EXSA.DE,2012-05-31,16.892213821411133,25.510000228881836,EUR
EXSA.DE,2012-06-30,17.561012268066406,26.520000457763672,EUR
EXSA.DE,2012-07-31,17.878864288330078,27.0,EUR
EXSA.DE,2012-08-31,17.951702117919922,27.110000610351562,EUR
EXSA.DE,2012-09-30,18.097373962402344,27.329999923706055,EUR
EXSA.DE,2012-10-31,18.501314163208008,27.940000534057617,EUR
EXSA.DE,2012-11-30,18.739694595336914,28.299999237060547,EUR
EXSA.DE,2012-12-31,19.276065826416016,29.110000610351562,EUR
EXSA.DE,2013-01-31,19.461471557617188,29.389999389648438,EUR
EXSA.DE,2013-02-28,19.78976821899414,29.670000076293945,EUR
EXSA.DE,2013-03-31,20.143272399902344,30.200000762939453,EUR
EXSA.DE,2013-04-30,20.61017608642578,30.899999618530273,EUR
EXSA.DE,2013-05-31,19.501176834106445,28.81999969482422,EUR
EXSA.DE,2013-06-30,20.56352996826172,30.389999389648438,EUR
EXSA.DE,2013-07-31,20.4484920501709,30.219999313354492,EUR
EXSA.DE,2013-08-31,21.39676856994629,31.309999465942383,EUR
EXSA.DE,2013-09-30,22.257837295532227,32.56999969482422,EUR
EXSA.DE,2013-10-31,22.462852478027344,32.869998931884766,EUR
EXSA.DE,2013-11-30,22.605512619018555,32.90999984741211,EUR
EXSA.DE,2013-12-31,22.262056350708008,32.40999984741211,EUR
EXSA.DE,2014-01-31,23.381694793701172,34.040000915527344,EUR
EXSA.DE,2014-02-28,23.187057495117188,33.63999938964844,EUR
EXSA.DE,2014-03-31,23.586837768554688,34.220001220703125,EUR
EXSA.DE,2014-04-30,24.283004760742188,35.22999954223633,EUR
EXSA.DE,2014-05-31,24.13519287109375,34.56999969482422,EUR
EXSA.DE,2014-06-30,23.758180618286133,34.029998779296875,EUR
EXSA.DE,2014-07-31,24.198022842407227,34.65999984741211,EUR
EXSA.DE,2014-08-31,24.273786544799805,34.400001525878906,EUR
EXSA.DE,2014-09-30,23.913911819458008,33.88999938964844,EUR
EXSA.DE,2014-10-31,24.725385665893555,35.040000915527344,EUR
EXSA.DE,2014-11-30,24.271286010742188,34.25,EUR
EXSA.DE,2014-12-31,26.205902099609375,36.97999954223633,EUR
EXSA.DE,2015-01-31,27.977537155151367,39.47999954223633,EUR
EXSA.DE,2015-02-28,28.431377410888672,40.02000045776367,EUR
EXSA.DE,2015-03-31,28.474014282226562,40.08000183105469,EUR
EXSA.DE,2015-04-30,28.935773849487305,40.72999954223633,EUR
EXSA.DE,2015-05-31,27.664934158325195,38.5,EUR
EXSA.DE,2015-06-30,28.843385696411133,40.13999938964844,EUR
EXSA.DE,2015-07-31,26.428983688354492,36.779998779296875,EUR
EXSA.DE,2015-08-31,25.348960876464844,34.90999984741211,EUR
EXSA.DE,2015-09-30,27.469236373901367,37.83000183105469,EUR
EXSA.DE,2015-10-31,28.180843353271484,38.810001373291016,EUR
EXSA.DE,2015-11-30,26.926071166992188,36.900001525878906,EUR
EXSA.DE,2015-12-31,25.014249801635742,34.279998779296875,EUR
EXSA.DE,2016-01-31,24.488862991333008,33.560001373291016,EUR
EXSA.DE,2016-02-29,24.803489685058594,33.880001068115234,EUR
EXSA.DE,2016-03-31,25.242752075195312,34.47999954223633,EUR
EXSA.DE,2016-04-30,25.9455623626709,35.439998626708984,EUR
EXSA.DE,2016-05-31,24.658748626708984,33.220001220703125,EUR
EXSA.DE,2016-06-30,25.61629295349121,34.5099983215332,EUR
EXSA.DE,2016-07-31,25.757339477539062,34.70000076293945,EUR
EXSA.DE,2016-08-31,25.823244094848633,34.310001373291016,EUR
EXSA.DE,2016-09-30,25.52970314025879,33.91999816894531,EUR
EXSA.DE,2016-10-31,25.808181762695312,34.290000915527344,EUR
EXSA.DE,2016-11-30,27.346572875976562,36.130001068115234,EUR
EXSA.DE,2016-12-31,27.180068969726562,35.90999984741211,EUR
EXSA.DE,2017-01-31,27.982378005981445,36.970001220703125,EUR
EXSA.DE,2017-02-28,29.01997947692871,38.220001220703125,EUR
EXSA.DE,2017-03-31,29.55094337463379,38.529998779296875,EUR
EXSA.DE,2017-04-30,30.04947280883789,39.18000030517578,EUR
EXSA.DE,2017-05-31,29.286293029785156,37.720001220703125,EUR
EXSA.DE,2017-06-30,29.22418785095215,37.63999938964844,EUR
EXSA.DE,2017-07-31,29.01455307006836,37.369998931884766,EUR
EXSA.DE,2017-08-31,30.09150505065918,38.20000076293945,EUR
EXSA.DE,2017-09-30,30.532630920410156,38.7599983215332,EUR
EXSA.DE,2017-10-31,30.012739181518555,38.099998474121094,EUR
EXSA.DE,2017-11-30,30.263330459594727,38.2599983215332,EUR
EXSA.DE,2017-12-31,30.773746490478516,38.875,EUR
EXSA.DE,2018-01-31,29.55070686340332,37.33000183105469,EUR
EXSA.DE,2018-02-28,29.004505157470703,36.63999938964844,EUR
EXSA.DE,2018-03-31,30.275035858154297,38.244998931884766,EUR
EXSA.DE,2018-04-30,30.3581485748291,38.349998474121094,EUR
EXSA.DE,2018-05-31,30.193618774414062,37.71500015258789,EUR
EXSA.DE,2018-06-30,31.174327850341797,38.939998626708984,EUR
EXSA.DE,2018-07-31,30.477828979492188,38.06999969482422,EUR
EXSA.DE,2018-08-31,30.580469131469727,37.814998626708984,EUR
EXSA.DE,2018-09-30,28.862010955810547,35.689998626708984,EUR
EXSA.DE,2018-10-31,28.59514617919922,35.36000061035156,EUR
EXSA.DE,2018-11-30,26.938377380371094,33.15999984741211,EUR
EXSA.DE,2018-12-31,28.733734130859375,35.369998931884766,EUR
EXSA.DE,2019-01-31,29.89136505126953,36.79499816894531,EUR
EXSA.DE,2019-02-28,30.566650390625,37.505001068115234,EUR
EXSA.DE,2019-03-31,31.73617172241211,38.939998626708984,EUR
EXSA.DE,2019-04-30,30.212125778198242,37.06999969482422,EUR
EXSA.DE,2019-05-31,31.58753204345703,38.28499984741211,EUR
EXSA.DE,2019-06-30,31.63702392578125,38.345001220703125,EUR
EXSA.DE,2019-07-31,31.249248504638672,37.875,EUR
EXSA.DE,2019-08-31,32.34676742553711,38.790000915527344,EUR
EXSA.DE,2019-09-30,32.70949172973633,39.224998474121094,EUR
EXSA.DE,2019-10-31,33.62678146362305,40.32500076293945,EUR
EXSA.DE,2019-11-30,34.592777252197266,41.29499816894531,EUR
EXSA.DE,2019-12-31,33.985443115234375,40.56999969482422,EUR
EXSA.DE,2020-01-31,31.21266746520996,37.2599983215332,EUR
EXSA.DE,2020-02-29,26.645526885986328,31.709999084472656,EUR
EXSA.DE,2020-03-31,28.33450698852539,33.720001220703125,EUR
EXSA.DE,2020-04-30,29.296634674072266,34.8650016784668,EUR
EXSA.DE,2020-05-31,30.165481567382812,35.599998474121094,EUR
EXSA.DE,2020-06-30,29.898582458496094,35.28499984741211,EUR
EXSA.DE,2020-07-31,30.83489227294922,36.38999938964844,EUR
EXSA.DE,2020-08-31,30.37471580505371,35.6349983215332,EUR
EXSA.DE,2020-09-30,28.853208541870117,33.849998474121094,EUR
EXSA.DE,2020-10-31,32.825321197509766,38.5099983215332,EUR
EXSA.DE,2020-11-30,33.968894958496094,39.71500015258789,EUR
EXSA.DE,2020-12-31,33.39154815673828,39.040000915527344,EUR
EXSA.DE,2021-01-31,34.27680206298828,40.07500076293945,EUR
EXSA.DE,2021-02-28,36.49605178833008,42.584999084472656,EUR
EXSA.DE,2021-03-31,37.2587890625,43.474998474121094,EUR
EXSA.DE,2021-04-30,38.360069274902344,44.7599983215332,EUR
EXSA.DE,2021-05-31,38.946598052978516,45.02000045776367,EUR
EXSA.DE,2021-06-30,39.63003921508789,45.810001373291016,EUR
EXSA.DE,2021-07-31,40.57297897338867,46.900001525878906,EUR
EXSA.DE,2021-08-31,39.1678466796875,45.025001525878906,EUR
EXSA.DE,2021-09-30,40.96857452392578,47.095001220703125,EUR
EXSA.DE,2021-10-31,39.95512390136719,45.93000030517578,EUR
EXSA.DE,2021-11-30,42.3160285949707,48.32500076293945,EUR
EXSA.DE,2021-12-31,40.61724853515625,46.3849983215332,EUR
EXSA.DE,2022-01-31,39.18117141723633,44.744998931884766,EUR
EXSA.DE,2022-02-28,39.6771354675293,45.21500015258789,EUR
EXSA.DE,2022-03-31,39.35246276855469,44.845001220703125,EUR
EXSA.DE,2022-04-30,39.05849075317383,44.5099983215332,EUR
EXSA.DE,2022-05-31,35.8948860168457,40.415000915527344,EUR
EXSA.DE,2022-06-30,38.7325553894043,43.61000061035156,EUR
EXSA.DE,2022-07-31,36.7031135559082,41.32500076293945,EUR
EXSA.DE,2022-08-31,34.33188247680664,38.279998779296875,EUR
EXSA.DE,2022-09-30,36.51125717163086,40.709999084472656,EUR
EXSA.DE,2022-10-31,39.07628631591797,43.56999969482422,EUR
EXSA.DE,2022-11-30,37.942657470703125,42.1349983215332,EUR
EXSA.DE,2022-12-31,40.35600662231445,44.814998626708984,EUR
EXSA.DE,2023-01-31,41.06740951538086,45.60499954223633,EUR
EXSA.DE,2023-02-28,40.90774917602539,45.290000915527344,EUR
EXSA.DE,2023-03-31,42.00067901611328,46.5,EUR
EXSA.DE,2023-04-30,40.885169982910156,45.26499938964844,EUR
EXSA.DE,2023-05-31,41.916996002197266,45.8849983215332,EUR
EXSA.DE,2023-06-30,42.821388244628906,46.875,EUR
EXSA.DE,2023-07-31,41.71602249145508,45.665000915527344,EUR
EXSA.DE,2023-08-31,41.00772476196289,44.459999084472656,EUR
EXSA.DE,2023-09-30,39.56885528564453,42.900001525878906,EUR
EXSA.DE,2023-10-31,42.179115295410156,45.72999954223633,EUR
EXSA.DE,2023-11-30,43.807518005371094,47.32500076293945,EUR
EXSA.DE,2023-12-31,44.45549011230469,48.025001525878906,EUR
EXSA.DE,2024-01-31,45.26545333862305,48.900001525878906,EUR
EXSA.DE,2024-02-29,47.17462921142578,50.83000183105469,EUR
EXSA.DE,2024-03-31,46.747703552246094,50.369998931884766,EUR
EXSA.DE,2024-04-30,48.34401321411133,52.09000015258789,EUR
EXSA.DE,2024-05-31,47.772640228271484,50.869998931884766,EUR
EXSA.DE,2024-06-30,48.4112434387207,51.54999923706055,EUR
EXSA.DE,2024-07-31,49.20009231567383,52.38999938964844,EUR
EXSA.DE,2024-08-31,49.01052474975586,51.709999084472656,EUR
EXSA.DE,2024-09-30,47.42771530151367,50.040000915527344,EUR
EXSA.DE,2024-10-31,47.92056655883789,50.560001373291016,EUR
EXSA.DE,2024-11-30,47.533145904541016,49.96500015258789,EUR
EXSA.DE,2024-12-31,50.81047821044922,53.40999984741211,EUR
EXSA.DE,2025-01-31,52.57994842529297,55.27000045776367,EUR
EXSA.DE,2025-02-28,50.50078201293945,52.939998626708984,EUR
EXSA.DE,2025-03-31,50.25276184082031,52.68000030517578,EUR
EXSA.DE,2025-04-30,52.78066635131836,55.33000183105469,EUR
EXSA.DE,2025-05-31,52.027217864990234,53.939998626708984,EUR
EXSA.DE,2025-06-30,52.60594177246094,54.540000915527344,EUR
EXSA.DE,2025-07-31,53.08820724487305,55.040000915527344,EUR
EXSA.DE,2025-08-31,53.844669342041016,55.279998779296875,EUR
EXSA.DE,2025-09-30,55.295982360839844,56.77000045776367,EUR
EXSA.DE,2025-10-31,55.753780364990234,57.2400016784668,EUR
EXSA.DE,2025-11-30,57.272216796875,58.599998474121094,EUR
EXSA.DE,2025-12-31,59.16825866699219,60.540000915527344,EUR
EXSA.DE,2026-01-31,61.445465087890625,62.869998931884766,EUR
EXSA.DE,2026-02-28,56.74494934082031,57.91999816894531,EUR
EXSA.DE,2026-03-31,59.81145095825195,61.04999923706055,EUR
EXSA.DE,2026-04-30,61.63371658325195,62.90999984741211,EUR
EXSA.DE,2026-05-31,63.341331481933594,63.939998626708984,EUR
EXSA.DE,2026-06-30,64.12393951416016,64.7300033569336,EUR
EXSA.DE,2026-07-31,64.3616943359375,64.97000122070312,EUR
EXSA.DE,2026-08-31,63.36000061035156,63.36000061035156,EUR
SXR8.DE,2010-04-30,92.79000091552734,92.79000091552734,EUR
SXR8.DE,2010-05-31,90.2300033569336,90.2300033569336,EUR
SXR8.DE,2010-06-30,93.41000366210938,93.41000366210938,EUR
SXR8.DE,2010-07-31,89.75,89.75,EUR
SXR8.DE,2010-08-31,98.26000213623047,98.26000213623047,EUR
SXR8.DE,2010-09-30,96.94999694824219,96.94999694824219,EUR
SXR8.DE,2010-10-31,77.38999938964844,77.38999938964844,EUR
SXR8.DE,2010-11-30,81.0999984741211,81.0999984741211,EUR
SXR8.DE,2010-12-31,80.19999694824219,80.19999694824219,EUR
SXR8.DE,2011-01-31,82.37999725341797,82.37999725341797,EUR
SXR8.DE,2011-02-28,80.23999786376953,80.23999786376953,EUR
SXR8.DE,2011-03-31,78.88999938964844,78.88999938964844,EUR
SXR8.DE,2011-04-30,80.13999938964844,80.13999938964844,EUR
SXR8.DE,2011-05-31,78.37000274658203,78.37000274658203,EUR
SXR8.DE,2011-06-30,77.9000015258789,77.9000015258789,EUR
SXR8.DE,2011-07-31,73.20999908447266,73.20999908447266,EUR
SXR8.DE,2011-08-31,74.16999816894531,74.16999816894531,EUR
SXR8.DE,2011-09-30,78.63999938964844,78.63999938964844,EUR
SXR8.DE,2011-10-31,79.87000274658203,79.87000274658203,EUR
SXR8.DE,2011-11-30,85.02999877929688,85.02999877929688,EUR
SXR8.DE,2011-12-31,87.08999633789062,87.08999633789062,EUR
SXR8.DE,2012-01-31,89.22000122070312,89.22000122070312,EUR
SXR8.DE,2012-02-29,92.16999816894531,92.16999816894531,EUR
SXR8.DE,2012-03-31,92.13999938964844,92.13999938964844,EUR
SXR8.DE,2012-04-30,92.44999694824219,92.44999694824219,EUR
SXR8.DE,2012-05-31,93.80000305175781,93.80000305175781,EUR
SXR8.DE,2012-06-30,98.73999786376953,98.73999786376953,EUR
SXR8.DE,2012-07-31,98.52999877929688,98.52999877929688,EUR
SXR8.DE,2012-08-31,98.38999938964844,98.38999938964844,EUR
SXR8.DE,2012-09-30,95.62000274658203,95.62000274658203,EUR
SXR8.DE,2012-10-31,95.91999816894531,95.91999816894531,EUR
SXR8.DE,2012-11-30,94.43000030517578,94.43000030517578,EUR
SXR8.DE,2012-12-31,97.62999725341797,97.62999725341797,EUR
SXR8.DE,2013-01-31,103.01000213623047,103.01000213623047,EUR
SXR8.DE,2013-02-28,108.5,108.5,EUR
SXR8.DE,2013-03-31,107.5199966430664,107.5199966430664,EUR
SXR8.DE,2013-04-30,113.77999877929688,113.77999877929688,EUR
SXR8.DE,2013-05-31,110.55000305175781,110.55000305175781,EUR
SXR8.DE,2013-06-30,113.95999908447266,113.95999908447266,EUR
SXR8.DE,2013-07-31,110.5199966430664,110.5199966430664,EUR
SXR8.DE,2013-08-31,111.30000305175781,111.30000305175781,EUR
SXR8.DE,2013-09-30,116.31999969482422,116.31999969482422,EUR
SXR8.DE,2013-10-31,119.55999755859375,119.55999755859375,EUR
SXR8.DE,2013-11-30,120.3499984741211,120.3499984741211,EUR
SXR8.DE,2013-12-31,118.98999786376953,118.98999786376953,EUR
SXR8.DE,2014-01-31,121.8499984741211,121.8499984741211,EUR
SXR8.DE,2014-02-28,122.36000061035156,122.36000061035156,EUR
SXR8.DE,2014-03-31,122.30999755859375,122.30999755859375,EUR
SXR8.DE,2014-04-30,127.5,127.5,EUR
SXR8.DE,2014-05-31,129.8699951171875,129.8699951171875,EUR
SXR8.DE,2014-06-30,131.72999572753906,131.72999572753906,EUR
SXR8.DE,2014-07-31,138.4499969482422,138.4499969482422,EUR
SXR8.DE,2014-08-31,143.10000610351562,143.10000610351562,EUR
SXR8.DE,2014-09-30,146.4199981689453,146.4199981689453,EUR
SXR8.DE,2014-10-31,152.1699981689453,152.1699981689453,EUR
SXR8.DE,2014-11-30,156.91000366210938,156.91000366210938,EUR
SXR8.DE,2014-12-31,162.4600067138672,162.4600067138672,EUR
SXR8.DE,2015-01-31,172.41000366210938,172.41000366210938,EUR
SXR8.DE,2015-02-28,177.55999755859375,177.55999755859375,EUR
SXR8.DE,2015-03-31,172.3300018310547,172.3300018310547,EUR
SXR8.DE,2015-04-30,176.72000122070312,176.72000122070312,EUR
SXR8.DE,2015-05-31,170.66000366210938,170.66000366210938,EUR
SXR8.DE,2015-06-30,176.4199981689453,176.4199981689453,EUR
SXR8.DE,2015-07-31,163.0500030517578,163.0500030517578,EUR
SXR8.DE,2015-08-31,158.57000732421875,158.57000732421875,EUR
SXR8.DE,2015-09-30,175.49000549316406,175.49000549316406,EUR
SXR8.DE,2015-10-31,182.97000122070312,182.97000122070312,EUR
SXR8.DE,2015-11-30,176.55999755859375,176.55999755859375,EUR
SXR8.DE,2015-12-31,165.0,165.0,EUR
SXR8.DE,2016-01-31,168.0,168.0,EUR
SXR8.DE,2016-02-29,169.32000732421875,169.32000732421875,EUR
SXR8.DE,2016-03-31,167.72999572753906,167.72999572753906,EUR
SXR8.DE,2016-04-30,176.4499969482422,176.4499969482422,EUR
SXR8.DE,2016-05-31,176.1199951171875,176.1199951171875,EUR
SXR8.DE,2016-06-30,182.83999633789062,182.83999633789062,EUR
SXR8.DE,2016-07-31,182.9499969482422,182.9499969482422,EUR
SXR8.DE,2016-08-31,181.97000122070312,181.97000122070312,EUR
SXR8.DE,2016-09-30,183.4600067138672,183.4600067138672,EUR
SXR8.DE,2016-10-31,197.57000732421875,197.57000732421875,EUR
SXR8.DE,2016-11-30,202.74000549316406,202.74000549316406,EUR
SXR8.DE,2016-12-31,199.00999450683594,199.00999450683594,EUR
SXR8.DE,2017-01-31,211.6300048828125,211.6300048828125,EUR
SXR8.DE,2017-02-28,210.50999450683594,210.50999450683594,EUR
SXR8.DE,2017-03-31,208.1199951171875,208.1199951171875,EUR
SXR8.DE,2017-04-30,204.1199951171875,204.1199951171875,EUR
SXR8.DE,2017-05-31,202.82000732421875,202.82000732421875,EUR
SXR8.DE,2017-06-30,200.36000061035156,200.36000061035156,EUR
SXR8.DE,2017-07-31,198.77999877929688,198.77999877929688,EUR
SXR8.DE,2017-08-31,204.00999450683594,204.00999450683594,EUR
SXR8.DE,2017-09-30,212.00999450683594,212.00999450683594,EUR
SXR8.DE,2017-10-31,213.14999389648438,213.14999389648438,EUR
SXR8.DE,2017-11-30,216.27000427246094,216.27000427246094,EUR
SXR8.DE,2017-12-31,219.02999877929688,219.02999877929688,EUR
SXR8.DE,2018-01-31,216.77000427246094,216.77000427246094,EUR
SXR8.DE,2018-02-28,206.63999938964844,206.63999938964844,EUR
SXR8.DE,2018-03-31,214.2100067138672,214.2100067138672,EUR
SXR8.DE,2018-04-30,225.5399932861328,225.5399932861328,EUR
SXR8.DE,2018-05-31,227.6199951171875,227.6199951171875,EUR
SXR8.DE,2018-06-30,233.67999267578125,233.67999267578125,EUR
SXR8.DE,2018-07-31,242.8000030517578,242.8000030517578,EUR
SXR8.DE,2018-08-31,244.57000732421875,244.57000732421875,EUR
SXR8.DE,2018-09-30,233.99000549316406,233.99000549316406,EUR
SXR8.DE,2018-10-31,236.14999389648438,236.14999389648438,EUR
SXR8.DE,2018-11-30,214.0,214.0,EUR
SXR8.DE,2018-12-31,230.6300048828125,230.6300048828125,EUR
SXR8.DE,2019-01-31,240.39999389648438,240.39999389648438,EUR
SXR8.DE,2019-02-28,247.38999938964844,247.38999938964844,EUR
SXR8.DE,2019-03-31,257.25,257.25,EUR
SXR8.DE,2019-04-30,244.44000244140625,244.44000244140625,EUR
SXR8.DE,2019-05-31,254.14999389648438,254.14999389648438,EUR
SXR8.DE,2019-06-30,267.2300109863281,267.2300109863281,EUR
SXR8.DE,2019-07-31,262.9200134277344,262.9200134277344,EUR
SXR8.DE,2019-08-31,270.5299987792969,270.5299987792969,EUR
SXR8.DE,2019-09-30,269.1700134277344,269.1700134277344,EUR
SXR8.DE,2019-10-31,283.45001220703125,283.45001220703125,EUR
SXR8.DE,2019-11-30,287.80999755859375,287.80999755859375,EUR
SXR8.DE,2019-12-31,290.95001220703125,290.95001220703125,EUR
SXR8.DE,2020-01-31,264.5,264.5,EUR
SXR8.DE,2020-02-29,239.6199951171875,239.6199951171875,EUR
SXR8.DE,2020-03-31,265.9599914550781,265.9599914550781,EUR
SXR8.DE,2020-04-30,271.239990234375,271.239990234375,EUR
SXR8.DE,2020-05-31,274.04998779296875,274.04998779296875,EUR
SXR8.DE,2020-06-30,275.2200012207031,275.2200012207031,EUR
SXR8.DE,2020-07-31,294.2799987792969,294.2799987792969,EUR
SXR8.DE,2020-08-31,289.260009765625,289.260009765625,EUR
SXR8.DE,2020-09-30,281.989990234375,281.989990234375,EUR
SXR8.DE,2020-10-31,303.94000244140625,303.94000244140625,EUR
SXR8.DE,2020-11-30,307.3900146484375,307.3900146484375,EUR
SXR8.DE,2020-12-31,310.55999755859375,310.55999755859375,EUR
SXR8.DE,2021-01-31,321.1199951171875,321.1199951171875,EUR
SXR8.DE,2021-02-28,343.510009765625,343.510009765625,EUR
SXR8.DE,2021-03-31,352.29998779296875,352.29998779296875,EUR
SXR8.DE,2021-04-30,348.1600036621094,348.1600036621094,EUR
SXR8.DE,2021-05-31,368.0,368.0,EUR
SXR8.DE,2021-06-30,376.5899963378906,376.5899963378906,EUR
SXR8.DE,2021-07-31,390.510009765625,390.510009765625,EUR
SXR8.DE,2021-08-31,382.94000244140625,382.94000244140625,EUR
SXR8.DE,2021-09-30,405.0400085449219,405.0400085449219,EUR
SXR8.DE,2021-10-31,415.0199890136719,415.0199890136719,EUR
SXR8.DE,2021-11-30,432.6300048828125,432.6300048828125,EUR
SXR8.DE,2021-12-31,407.0,407.0,EUR
SXR8.DE,2022-01-31,399.2200012207031,399.2200012207031,EUR
SXR8.DE,2022-02-28,423.4800109863281,423.4800109863281,EUR
SXR8.DE,2022-03-31,410.9200134277344,410.9200134277344,EUR
SXR8.DE,2022-04-30,394.5199890136719,394.5199890136719,EUR
SXR8.DE,2022-05-31,371.19000244140625,371.19000244140625,EUR
SXR8.DE,2022-06-30,413.1000061035156,413.1000061035156,EUR
SXR8.DE,2022-07-31,407.7300109863281,407.7300109863281,EUR
SXR8.DE,2022-08-31,385.4599914550781,385.4599914550781,EUR
SXR8.DE,2022-09-30,404.4599914550781,404.4599914550781,EUR
SXR8.DE,2022-10-31,396.3800048828125,396.3800048828125,EUR
SXR8.DE,2022-11-30,370.7300109863281,370.7300109863281,EUR
SXR8.DE,2022-12-31,385.489990234375,385.489990234375,EUR
SXR8.DE,2023-01-31,389.1300048828125,389.1300048828125,EUR
SXR8.DE,2023-02-28,390.239990234375,390.239990234375,EUR
SXR8.DE,2023-03-31,390.8900146484375,390.8900146484375,EUR
SXR8.DE,2023-04-30,406.9100036621094,406.9100036621094,EUR
SXR8.DE,2023-05-31,423.8800048828125,423.8800048828125,EUR
SXR8.DE,2023-06-30,433.510009765625,433.510009765625,EUR
SXR8.DE,2023-07-31,435.4200134277344,435.4200134277344,EUR
SXR8.DE,2023-08-31,426.2699890136719,426.2699890136719,EUR
SXR8.DE,2023-09-30,413.17999267578125,413.17999267578125,EUR
SXR8.DE,2023-10-31,436.80999755859375,436.80999755859375,EUR
SXR8.DE,2023-11-30,454.0400085449219,454.0400085449219,EUR
SXR8.DE,2023-12-31,472.5299987792969,472.5299987792969,EUR
SXR8.DE,2024-01-31,493.4200134277344,493.4200134277344,EUR
SXR8.DE,2024-02-29,511.5,511.5,EUR
SXR8.DE,2024-03-31,500.5799865722656,500.5799865722656,EUR
SXR8.DE,2024-04-30,506.2799987792969,506.2799987792969,EUR
SXR8.DE,2024-05-31,541.5,541.5,EUR
SXR8.DE,2024-06-30,539.0399780273438,539.0399780273438,EUR
SXR8.DE,2024-07-31,534.97998046875,534.97998046875,EUR
SXR8.DE,2024-08-31,544.2000122070312,544.2000122070312,EUR
SXR8.DE,2024-09-30,558.6599731445312,558.6599731445312,EUR
SXR8.DE,2024-10-31,605.8800048828125,605.8800048828125,EUR
SXR8.DE,2024-11-30,600.780029296875,600.780029296875,EUR
SXR8.DE,2024-12-31,623.8200073242188,623.8200073242188,EUR
SXR8.DE,2025-01-31,601.1199951171875,601.1199951171875,EUR
SXR8.DE,2025-02-28,547.02001953125,547.02001953125,EUR
SXR8.DE,2025-03-31,517.7000122070312,517.7000122070312,EUR
SXR8.DE,2025-04-30,553.3200073242188,553.3200073242188,EUR
SXR8.DE,2025-05-31,561.6400146484375,561.6400146484375,EUR
SXR8.DE,2025-06-30,595.8200073242188,595.8200073242188,EUR
SXR8.DE,2025-07-31,589.2000122070312,589.2000122070312,EUR
SXR8.DE,2025-08-31,605.760009765625,605.760009765625,EUR
SXR8.DE,2025-09-30,634.5,634.5,EUR
SXR8.DE,2025-10-31,631.4000244140625,631.4000244140625,EUR
SXR8.DE,2025-11-30,629.219970703125,629.219970703125,EUR
SXR8.DE,2025-12-31,626.260009765625,626.260009765625,EUR
SXR8.DE,2026-01-31,624.02001953125,624.02001953125,EUR
SXR8.DE,2026-02-28,600.1199951171875,600.1199951171875,EUR
SXR8.DE,2026-03-31,656.5800170898438,656.5800170898438,EUR
SXR8.DE,2026-04-30,698.9000244140625,698.9000244140625,EUR
SXR8.DE,2026-05-31,704.97998046875,704.97998046875,EUR
SXR8.DE,2026-06-30,696.239990234375,696.239990234375,EUR
SXR8.DE,2026-07-31,712.0999755859375,712.0999755859375,EUR
SXR8.DE,2026-08-31,731.0399780273438,731.0399780273438,EUR
EEM,2003-04-01,7.516480922698975,11.716667175292969,USD
EEM,2003-05-01,8.20219612121582,12.785555839538574,USD
EEM,2003-06-01,8.546476364135742,13.322221755981445,USD
EEM,2003-07-01,9.031181335449219,14.077777862548828,USD
EEM,2003-08-01,9.752530097961426,15.202221870422363,USD
EEM,2003-09-01,9.689098358154297,15.103333473205566,USD
EEM,2003-10-01,10.578667640686035,16.489999771118164,USD
EEM,2003-11-01,10.777543067932129,16.799999237060547,USD
EEM,2003-12-01,11.745847702026367,18.21444320678711,USD
EEM,2004-01-01,12.030305862426758,18.655555725097656,USD
EEM,2004-02-01,12.506072044372559,19.393333435058594,USD
EEM,2004-03-01,12.57485580444336,19.5,USD
EEM,2004-04-01,11.342447280883789,17.58888816833496,USD
EEM,2004-05-01,11.47500228881836,17.794443130493164,USD
EEM,2004-06-01,11.581048011779785,17.95888900756836,USD
EEM,2004-07-01,11.159738540649414,17.30555534362793,USD
EEM,2004-08-01,11.553820610046387,17.916667938232422,USD
EEM,2004-09-01,12.359901428222656,19.166667938232422,USD
EEM,2004-10-01,12.711708068847656,19.712221145629883,USD
EEM,2004-11-01,13.976363182067871,21.67333221435547,USD
EEM,2004-12-01,14.639680862426758,22.427778244018555,USD
EEM,2005-01-01,14.562078475952148,22.308889389038086,USD
EEM,2005-02-01,15.972013473510742,24.468889236450195,USD
EEM,2005-03-01,14.708585739135742,22.53333282470703,USD
EEM,2005-04-01,14.525087356567383,22.252222061157227,USD
EEM,2005-05-01,14.984187126159668,22.955556869506836,USD
EEM,2005-06-01,15.578912734985352,23.866666793823242,USD
EEM,2005-07-01,16.775623321533203,25.700000762939453,USD
EEM,2005-08-01,16.997556686401367,26.040000915527344,USD
EEM,2005-09-01,18.46841049194336,28.293333053588867,USD
EEM,2005-10-01,17.297819137573242,26.5,USD
EEM,2005-11-01,18.298696517944336,28.03333282470703,USD
EEM,2005-12-01,19.415996551513672,29.416667938232422,USD
EEM,2006-01-01,22.172731399536133,33.59333419799805,USD
EEM,2006-02-01,21.319095611572266,32.29999923706055,USD
EEM,2006-03-01,21.78112030029297,33.0,USD
EEM,2006-04-01,23.2001895904541,35.150001525878906,USD
EEM,2006-05-01,20.615055084228516,31.233333587646484,USD
EEM,2006-06-01,20.6590633392334,31.299999237060547,USD
EEM,2006-07-01,21.14308738708496,32.03333282470703,USD
EEM,2006-08-01,21.477510452270508,32.540000915527344,USD
EEM,2006-09-01,21.29050064086914,32.25666809082031,USD
EEM,2006-10-01,22.793174743652344,34.53333282470703,USD
EEM,2006-11-01,24.15723991394043,36.599998474121094,USD
EEM,2006-12-01,25.476177215576172,38.05666732788086,USD
EEM,2007-01-01,25.505184173583984,38.099998474121094,USD
EEM,2007-02-01,24.67955207824707,36.866668701171875,USD
EEM,2007-03-01,25.996095657348633,38.83333206176758,USD
EEM,2007-04-01,26.96453285217285,40.279998779296875,USD
EEM,2007-05-01,28.330169677734375,42.31999969482422,USD
EEM,2007-06-01,29.372251510620117,43.87666702270508,USD
EEM,2007-07-01,29.582008361816406,44.189998626708984,USD
EEM,2007-08-01,29.889944076538086,44.650001525878906,USD
EEM,2007-09-01,33.3486442565918,49.81666564941406,USD
EEM,2007-10-01,37.307186126708984,55.72999954223633,USD
EEM,2007-11-01,34.45320129394531,51.46666717529297,USD
EEM,2007-12-01,33.96855545043945,50.099998474121094,USD
EEM,2008-01-01,30.937833786010742,45.630001068115234,USD
EEM,2008-02-01,31.554807662963867,46.540000915527344,USD
EEM,2008-03-01,30.370553970336914,44.793331146240234,USD
EEM,2008-04-01,33.14588928222656,48.88666534423828,USD
EEM,2008-05-01,34.1945686340332,50.43333435058594,USD
EEM,2008-06-01,31.02489471435547,45.2400016784668,USD
EEM,2008-07-01,29.317291259765625,42.75,USD
EEM,2008-08-01,27.465665817260742,40.04999923706055,USD
EEM,2008-09-01,23.43325424194336,34.16999816894531,USD
EEM,2008-10-01,17.43950080871582,25.43000030517578,USD
EEM,2008-11-01,15.738755226135254,22.950000762939453,USD
EEM,2008-12-01,17.365121841430664,24.969999313354492,USD
EEM,2009-01-01,15.751704216003418,22.649999618530273,USD
EEM,2009-02-01,14.764180183410645,21.229999542236328,USD
EEM,2009-03-01,17.253854751586914,24.809999465942383,USD
EEM,2009-04-01,19.938251495361328,28.670000076293945,USD
EEM,2009-05-01,23.11640739440918,33.2400016784668,USD
EEM,2009-06-01,22.59641456604004,32.22999954223633,USD
EEM,2009-07-01,25.085309982299805,35.779998779296875,USD
EEM,2009-08-01,24.755788803100586,35.310001373291016,USD
EEM,2009-09-01,27.279752731323242,38.90999984741211,USD
EEM,2009-10-01,26.340274810791016,37.56999969482422,USD
EEM,2009-11-01,28.40851593017578,40.52000045776367,USD
EEM,2009-12-01,29.33913803100586,41.5,USD
EEM,2010-01-01,27.062702178955078,38.279998779296875,USD
EEM,2010-02-01,27.54343032836914,38.959999084472656,USD
EEM,2010-03-01,29.777456283569336,42.119998931884766,USD
EEM,2010-04-01,29.727956771850586,42.04999923706055,USD
EEM,2010-05-01,26.935447692871094,38.099998474121094,USD
EEM,2010-06-01,26.5587100982666,37.31999969482422,USD
EEM,2010-07-01,29.46224021911621,41.400001525878906,USD
EEM,2010-08-01,28.508636474609375,40.060001373291016,USD
EEM,2010-09-01,31.860492706298828,44.77000045776367,USD
EEM,2010-10-01,32.82122039794922,46.119998931884766,USD
EEM,2010-11-01,31.867599487304688,44.779998779296875,USD
EEM,2010-12-01,34.186866760253906,47.63999938964844,USD
EEM,2011-01-01,32.87364959716797,45.810001373291016,USD
EEM,2011-02-01,32.85929870605469,45.790000915527344,USD
EEM,2011-03-01,34.926002502441406,48.66999816894531,USD
EEM,2011-04-01,35.88042449951172,50.0,USD
EEM,2011-05-01,34.825538635253906,48.529998779296875,USD
EEM,2011-06-01,34.499752044677734,47.599998474121094,USD
EEM,2011-07-01,34.144615173339844,47.11000061035156,USD
EEM,2011-08-01,30.98455047607422,42.75,USD
EEM,2011-09-01,25.43994140625,35.099998474121094,USD
EEM,2011-10-01,29.578472137451172,40.810001373291016,USD
EEM,2011-11-01,28.998638153076172,40.0099983215332,USD
EEM,2011-12-01,27.761905670166016,37.939998626708984,USD
EEM,2012-01-01,30.8132266998291,42.11000061035156,USD
EEM,2012-02-01,32.43767547607422,44.33000183105469,USD
EEM,2012-03-01,31.427875518798828,42.95000076293945,USD
EEM,2012-04-01,30.893722534179688,42.220001220703125,USD
EEM,2012-05-01,27.586288452148438,37.70000076293945,USD
EEM,2012-06-01,28.975357055664062,39.130001068115234,USD
EEM,2012-07-01,28.967958450317383,39.119998931884766,USD
EEM,2012-08-01,29.0864315032959,39.279998779296875,USD
EEM,2012-09-01,30.604433059692383,41.33000183105469,USD
EEM,2012-10-01,30.47115135192871,41.150001525878906,USD
EEM,2012-11-01,30.94505500793457,41.790000915527344,USD
EEM,2012-12-01,33.050445556640625,44.349998474121094,USD
EEM,2013-01-01,32.95355987548828,44.220001220703125,USD
EEM,2013-02-01,32.200889587402344,43.209999084472656,USD
EEM,2013-03-01,31.873004913330078,42.77000045776367,USD
EEM,2013-04-01,32.26051330566406,43.290000915527344,USD
EEM,2013-05-01,30.7029972076416,41.20000076293945,USD
EEM,2013-06-01,29.06783676147461,38.5,USD
EEM,2013-07-01,29.4528865814209,39.0099983215332,USD
EEM,2013-08-01,28.705421447753906,38.02000045776367,USD
EEM,2013-09-01,30.77414321899414,40.7599983215332,USD
EEM,2013-10-01,32.057674407958984,42.459999084472656,USD
EEM,2013-11-01,31.974607467651367,42.349998474121094,USD
EEM,2013-12-01,31.844608306884766,41.79999923706055,USD
EEM,2014-01-01,29.09439468383789,38.189998626708984,USD
EEM,2014-02-01,30.077150344848633,39.47999954223633,USD
EEM,2014-03-01,31.24276351928711,41.0099983215332,USD
EEM,2014-04-01,31.486541748046875,41.33000183105469,USD
EEM,2014-05-01,32.415977478027344,42.54999923706055,USD
EEM,2014-06-01,33.194541931152344,43.22999954223633,USD
EEM,2014-07-01,33.64756393432617,43.81999969482422,USD
EEM,2014-08-01,34.59971618652344,45.060001373291016,USD
EEM,2014-09-01,31.912206649780273,41.560001373291016,USD
EEM,2014-10-01,32.365257263183594,42.150001525878906,USD
EEM,2014-11-01,31.86614990234375,41.5,USD
EEM,2014-12-01,30.603118896484375,39.290000915527344,USD
EEM,2015-01-01,30.392818450927734,39.02000045776367,USD
EEM,2015-02-01,31.732526779174805,40.7400016784668,USD
EEM,2015-03-01,31.257394790649414,40.130001068115234,USD
EEM,2015-04-01,33.39937973022461,42.880001068115234,USD
EEM,2015-05-01,32.02851104736328,41.119998931884766,USD
EEM,2015-06-01,31.089807510375977,39.619998931884766,USD
EEM,2015-07-01,29.128055572509766,37.119998931884766,USD
EEM,2015-08-01,26.55423927307129,33.84000015258789,USD
EEM,2015-09-01,25.72245216369629,32.779998779296875,USD
EEM,2015-10-01,27.362478256225586,34.869998931884766,USD
EEM,2015-11-01,26.67194938659668,33.9900016784668,USD
EEM,2015-12-01,25.653120040893555,32.189998626708984,USD
EEM,2016-01-01,24.362091064453125,30.56999969482422,USD
EEM,2016-02-01,24.162866592407227,30.31999969482422,USD
EEM,2016-03-01,27.294790267944336,34.25,USD
EEM,2016-04-01,27.406362533569336,34.38999938964844,USD
EEM,2016-05-01,26.39426040649414,33.119998931884766,USD
EEM,2016-06-01,27.597604751586914,34.36000061035156,USD
EEM,2016-07-01,29.0835018157959,36.209999084472656,USD
EEM,2016-08-01,29.34052848815918,36.529998779296875,USD
EEM,2016-09-01,30.07946014404297,37.45000076293945,USD
EEM,2016-10-01,29.830469131469727,37.13999938964844,USD
EEM,2016-11-01,28.51323890686035,35.5,USD
EEM,2016-12-01,28.441190719604492,35.0099983215332,USD
EEM,2017-01-01,30.33403205871582,37.34000015258789,USD
EEM,2017-02-01,30.8620662689209,37.9900016784668,USD
EEM,2017-03-01,31.9993839263916,39.38999938964844,USD
EEM,2017-04-01,32.543678283691406,40.060001373291016,USD
EEM,2017-05-01,33.469783782958984,41.20000076293945,USD
EEM,2017-06-01,33.779930114746094,41.38999938964844,USD
EEM,2017-07-01,35.746822357177734,43.79999923706055,USD
EEM,2017-08-01,36.58744430541992,44.83000183105469,USD
EEM,2017-09-01,36.57112121582031,44.810001373291016,USD
EEM,2017-10-01,37.770843505859375,46.279998779296875,USD
EEM,2017-11-01,37.62393569946289,46.099998474121094,USD
EEM,2017-12-01,39.039180755615234,47.119998931884766,USD
EEM,2018-01-01,42.278629302978516,51.029998779296875,USD
EEM,2018-02-01,39.78484344482422,48.02000045776367,USD
EEM,2018-03-01,40.00025177001953,48.279998779296875,USD
EEM,2018-04-01,38.87348556518555,46.91999816894531,USD
EEM,2018-05-01,37.85441970825195,45.689998626708984,USD
EEM,2018-06-01,36.1336784362793,43.33000183105469,USD
EEM,2018-07-01,37.409576416015625,44.86000061035156,USD
EEM,2018-08-01,36.00025177001953,43.16999816894531,USD
EEM,2018-09-01,35.79176712036133,42.91999816894531,USD
EEM,2018-10-01,32.65623474121094,39.15999984741211,USD
EEM,2018-11-01,34.25736618041992,41.08000183105469,USD
EEM,2018-12-01,33.062156677246094,39.060001373291016,USD
EEM,2019-01-01,36.48180389404297,43.099998474121094,USD
EEM,2019-02-01,35.92314529418945,42.439998626708984,USD
EEM,2019-03-01,36.329437255859375,42.91999816894531,USD
EEM,2019-04-01,37.18434524536133,43.93000030517578,USD
EEM,2019-05-01,34.458797454833984,40.709999084472656,USD
EEM,2019-06-01,36.5979118347168,42.90999984741211,USD
EEM,2019-07-01,35.625606536865234,41.77000045776367,USD
EEM,2019-08-01,34.27802658081055,40.189998626708984,USD
EEM,2019-09-01,34.85798645019531,40.869998931884766,USD
EEM,2019-10-01,36.31645965576172,42.58000183105469,USD
EEM,2019-11-01,36.28233337402344,42.540000915527344,USD
EEM,2019-12-01,39.087059020996094,44.869998931884766,USD
EEM,2020-01-01,36.68277359008789,42.11000061035156,USD
EEM,2020-02-01,35.297698974609375,40.52000045776367,USD
EEM,2020-03-01,29.731252670288086,34.130001068115234,USD
EEM,2020-04-01,31.91775894165039,36.63999938964844,USD
EEM,2020-05-01,32.867279052734375,37.72999954223633,USD
EEM,2020-06-01,35.03813552856445,39.9900016784668,USD
EEM,2020-07-01,37.929500579833984,43.290000915527344,USD
EEM,2020-08-01,39.02471923828125,44.540000915527344,USD
EEM,2020-09-01,38.630435943603516,44.09000015258789,USD
EEM,2020-10-01,39.17366027832031,44.709999084472656,USD
EEM,2020-11-01,42.69587326049805,48.72999954223633,USD
EEM,2020-12-01,45.7398681640625,51.66999816894531,USD
EEM,2021-01-01,47.191646575927734,53.310001373291016,USD
EEM,2021-02-01,47.563438415527344,53.72999954223633,USD
EEM,2021-03-01,47.218204498291016,53.34000015258789,USD
EEM,2021-04-01,47.78474807739258,53.97999954223633,USD
EEM,2021-05-01,48.572593688964844,54.869998931884766,USD
EEM,2021-06-01,49.034236907958984,55.150001525878906,USD
EEM,2021-07-01,45.87790298461914,51.599998474121094,USD
EEM,2021-08-01,46.59809112548828,52.40999984741211,USD
EEM,2021-09-01,44.79319763183594,50.380001068115234,USD
EEM,2021-10-01,45.273311614990234,50.91999816894531,USD
EEM,2021-11-01,43.42396926879883,48.84000015258789,USD
EEM,2021-12-01,44.07839584350586,48.849998474121094,USD
EEM,2022-01-01,44.06938171386719,48.84000015258789,USD
EEM,2022-02-01,42.16548156738281,46.72999954223633,USD
EEM,2022-03-01,40.73981857299805,45.150001525878906,USD
EEM,2022-04-01,38.240386962890625,42.380001068115234,USD
EEM,2022-05-01,38.4749870300293,42.63999938964844,USD
EEM,2022-06-01,36.49057388305664,40.099998474121094,USD
EEM,2022-07-01,36.363182067871094,39.959999084472656,USD
EEM,2022-08-01,35.88088607788086,39.43000030517578,USD
EEM,2022-09-01,31.74043083190918,34.880001068115234,USD
EEM,2022-10-01,31.112537384033203,34.189998626708984,USD
EEM,2022-11-01,35.96278381347656,39.52000045776367,USD
EEM,2022-12-01,35.01426696777344,37.900001525878906,USD
EEM,2023-01-01,38.2108154296875,41.36000061035156,USD
EEM,2023-02-01,35.31913375854492,38.22999954223633,USD
EEM,2023-03-01,36.45548629760742,39.459999084472656,USD
EEM,2023-04-01,36.150611877441406,39.130001068115234,USD
EEM,2023-05-01,35.28218460083008,38.189998626708984,USD
EEM,2023-06-01,36.83418655395508,39.560001373291016,USD
EEM,2023-07-01,39.059513092041016,41.95000076293945,USD
EEM,2023-08-01,36.47106170654297,39.16999816894531,USD
EEM,2023-09-01,35.33512878417969,37.95000076293945,USD
EEM,2023-10-01,34.17125701904297,36.70000076293945,USD
EEM,2023-11-01,36.83418655395508,39.560001373291016,USD
EEM,2023-12-01,38.14745330810547,40.209999084472656,USD
EEM,2024-01-01,36.420806884765625,38.38999938964844,USD
EEM,2024-02-01,37.93873977661133,39.9900016784668,USD
EEM,2024-03-01,38.97282791137695,41.08000183105469,USD
EEM,2024-04-01,38.887451171875,40.9900016784668,USD
EEM,2024-05-01,39.64641571044922,41.790000915527344,USD
EEM,2024-06-01,40.684356689453125,42.59000015258789,USD
EEM,2024-07-01,41.028255462646484,42.95000076293945,USD
EEM,2024-08-01,41.42946243286133,43.369998931884766,USD
EEM,2024-09-01,43.808048248291016,45.86000061035156,USD
EEM,2024-10-01,42.46113586425781,44.45000076293945,USD
EEM,2024-11-01,41.324378967285156,43.2599983215332,USD
EEM,2024-12-01,40.62323760986328,41.81999969482422,USD
EEM,2025-01-01,41.49748992919922,42.720001220703125,USD
EEM,2025-02-01,41.97346115112305,43.209999084472656,USD
EEM,2025-03-01,42.449440002441406,43.70000076293945,USD
EEM,2025-04-01,42.50772476196289,43.7599983215332,USD
EEM,2025-05-01,44.21735763549805,45.52000045776367,USD
EEM,2025-06-01,47.313472747802734,48.2400016784668,USD
EEM,2025-07-01,47.62732696533203,48.560001373291016,USD
EEM,2025-08-01,48.90235900878906,49.86000061035156,USD
EEM,2025-09-01,52.374366760253906,53.400001525878906,USD
EEM,2025-10-01,54.23787307739258,55.29999923706055,USD
EEM,2025-11-01,53.27669143676758,54.31999969482422,USD
EEM,2025-12-01,54.427101135253906,54.709999084472656,USD
EEM,2026-01-01,58.79439926147461,59.099998474121094,USD
EEM,2026-02-01,62.25640869140625,62.58000183105469,USD
EEM,2026-03-01,56.49634552001953,56.790000915527344,USD
EEM,2026-04-01,63.65911865234375,63.9900016784668,USD
EEM,2026-05-01,68.24527740478516,68.5999984741211,USD
EEM,2026-06-01,68.41000366210938,68.41000366210938,USD
EEM,2026-07-01,64.08999633789062,64.08999633789062,USD
EEM,2026-08-01,67.0199966430664,67.0199966430664,USD
EEM,2026-09-01,67.70999908447266,67.70999908447266,USD
IEMM.AS,2007-12-31,32.47706604003906,41.90079879760742,EUR
IEMM.AS,2008-01-31,34.65113067626953,44.7056999206543,EUR
IEMM.AS,2008-02-29,32.93840026855469,42.49599838256836,EUR
IEMM.AS,2008-03-31,35.624629974365234,45.961700439453125,EUR
IEMM.AS,2008-04-30,36.32052230834961,46.859500885009766,EUR
IEMM.AS,2008-05-31,32.84104537963867,42.370399475097656,EUR
IEMM.AS,2008-06-30,31.35101318359375,40.448001861572266,EUR
IEMM.AS,2008-07-31,28.746315002441406,37.087501525878906,EUR
IEMM.AS,2008-08-31,23.812673568725586,30.722299575805664,EUR
IEMM.AS,2008-09-30,17.543407440185547,22.633899688720703,EUR
IEMM.AS,2008-10-31,16.050962448120117,20.70840072631836,EUR
IEMM.AS,2008-11-30,17.357919692993164,22.39459991455078,EUR
IEMM.AS,2008-12-31,12.58752727508545,16.239999771118164,EUR
IEMM.AS,2009-01-31,11.835685729980469,15.270000457763672,EUR
IEMM.AS,2009-02-28,13.02158260345459,16.799999237060547,EUR
IEMM.AS,2009-03-31,15.641402244567871,20.18000030517578,EUR
IEMM.AS,2009-04-30,16.81954574584961,21.700000762939453,EUR
IEMM.AS,2009-05-31,16.385496139526367,21.139999389648438,EUR
IEMM.AS,2009-06-30,18.168209075927734,23.440000534057617,EUR
IEMM.AS,2009-07-31,17.710899353027344,22.850000381469727,EUR
IEMM.AS,2009-08-31,18.966554641723633,24.469999313354492,EUR
IEMM.AS,2009-09-30,18.517000198364258,23.889999389648438,EUR
IEMM.AS,2009-10-31,19.20683479309082,24.780000686645508,EUR
IEMM.AS,2009-11-30,21.059303283691406,27.170000076293945,EUR
IEMM.AS,2009-12-31,20.36946678161621,26.280000686645508,EUR
IEMM.AS,2010-01-31,20.757017135620117,26.780000686645508,EUR
IEMM.AS,2010-02-28,22.60174560546875,29.15999984741211,EUR
IEMM.AS,2010-03-31,23.276077270507812,30.030000686645508,EUR
IEMM.AS,2010-04-30,22.74901008605957,29.350000381469727,EUR
IEMM.AS,2010-05-31,22.760637283325195,29.364999771118164,EUR
IEMM.AS,2010-06-30,23.210189819335938,29.94499969482422,EUR
IEMM.AS,2010-07-31,23.086179733276367,29.78499984741211,EUR
IEMM.AS,2010-08-31,23.954282760620117,30.905000686645508,EUR
IEMM.AS,2010-09-30,24.19843864440918,31.219999313354492,EUR
IEMM.AS,2010-10-31,25.140180587768555,32.435001373291016,EUR
IEMM.AS,2010-11-30,26.368703842163086,34.02000045776367,EUR
IEMM.AS,2010-12-31,24.880521774291992,32.099998474121094,EUR
IEMM.AS,2011-01-31,24.411588668823242,31.4950008392334,EUR
IEMM.AS,2011-02-28,25.14792823791504,32.44499969482422,EUR
IEMM.AS,2011-03-31,24.83014488220215,32.03499984741211,EUR
IEMM.AS,2011-04-30,24.81464385986328,32.01499938964844,EUR
IEMM.AS,2011-05-31,24.341827392578125,31.405000686645508,EUR
IEMM.AS,2011-06-30,24.29145050048828,31.34000015258789,EUR
IEMM.AS,2011-07-31,21.58637046813965,27.850000381469727,EUR
IEMM.AS,2011-08-31,19.873416900634766,25.639999389648438,EUR
IEMM.AS,2011-09-30,21.582502365112305,27.844999313354492,EUR
IEMM.AS,2011-10-31,21.532127380371094,27.780000686645508,EUR
IEMM.AS,2011-11-30,21.52436065673828,27.770000457763672,EUR
IEMM.AS,2011-12-31,23.66362190246582,30.530000686645508,EUR
IEMM.AS,2012-01-31,24.450347900390625,31.545000076293945,EUR
IEMM.AS,2012-02-29,23.791515350341797,30.69499969482422,EUR
IEMM.AS,2012-03-31,23.527978897094727,30.354999542236328,EUR
IEMM.AS,2012-04-30,22.18319320678711,28.6200008392334,EUR
IEMM.AS,2012-05-31,22.67925262451172,29.260000228881836,EUR
IEMM.AS,2012-06-30,23.752761840820312,30.645000457763672,EUR
IEMM.AS,2012-07-31,22.9466552734375,29.604999542236328,EUR
IEMM.AS,2012-08-31,23.547359466552734,30.3799991607666,EUR
IEMM.AS,2012-09-30,23.214073181152344,29.950000762939453,EUR
IEMM.AS,2012-10-31,23.38459014892578,30.170000076293945,EUR
IEMM.AS,2012-11-30,24.252696990966797,31.290000915527344,EUR
IEMM.AS,2012-12-31,23.752761840820312,30.645000457763672,EUR
IEMM.AS,2013-01-31,24.210060119628906,31.235000610351562,EUR
IEMM.AS,2013-02-28,24.19843864440918,31.219999313354492,EUR
IEMM.AS,2013-03-31,23.686880111694336,30.559999465942383,EUR
IEMM.AS,2013-04-30,23.27219581604004,30.024999618530273,EUR
IEMM.AS,2013-05-31,21.56311798095703,27.81999969482422,EUR
IEMM.AS,2013-06-30,21.435218811035156,27.655000686645508,EUR
IEMM.AS,2013-07-31,20.89653968811035,26.959999084472656,EUR
IEMM.AS,2013-08-31,21.935165405273438,28.299999237060547,EUR
IEMM.AS,2013-09-30,22.849777221679688,29.479999542236328,EUR
IEMM.AS,2013-10-31,22.489356994628906,29.014999389648438,EUR
IEMM.AS,2013-11-30,22.02042579650879,28.40999984741211,EUR
IEMM.AS,2013-12-31,20.594247817993164,26.56999969482422,EUR
IEMM.AS,2014-01-31,20.997282028198242,27.049999237060547,EUR
IEMM.AS,2014-02-28,21.808452606201172,28.094999313354492,EUR
IEMM.AS,2014-03-31,21.664846420288086,27.90999984741211,EUR
IEMM.AS,2014-04-30,22.828777313232422,29.2549991607666,EUR
IEMM.AS,2014-05-31,23.261865615844727,29.809999465942383,EUR
IEMM.AS,2014-06-30,24.108530044555664,30.895000457763672,EUR
IEMM.AS,2014-07-31,25.268651962280273,32.09000015258789,EUR
IEMM.AS,2014-08-31,24.28042984008789,30.834999084472656,EUR
IEMM.AS,2014-09-30,24.693828582763672,31.360000610351562,EUR
IEMM.AS,2014-10-31,24.64118766784668,31.18000030517578,EUR
IEMM.AS,2014-11-30,24.210474014282227,30.635000228881836,EUR
IEMM.AS,2014-12-31,25.945152282714844,32.83000183105469,EUR
IEMM.AS,2015-01-31,27.252727508544922,34.40999984741211,EUR
IEMM.AS,2015-02-28,27.81505012512207,35.119998931884766,EUR
IEMM.AS,2015-03-31,28.725862503051758,36.27000045776367,EUR
IEMM.AS,2015-04-30,28.059703826904297,35.334999084472656,EUR
IEMM.AS,2015-05-31,26.709726333618164,33.6349983215332,EUR
IEMM.AS,2015-06-30,25.343873977661133,31.915000915527344,EUR
IEMM.AS,2015-07-31,22.622303009033203,28.125,EUR
IEMM.AS,2015-08-31,22.115570068359375,27.4950008392334,EUR
IEMM.AS,2015-09-30,23.86904525756836,29.674999237060547,EUR
IEMM.AS,2015-10-31,24.202850341796875,30.09000015258789,EUR
IEMM.AS,2015-11-30,22.69569969177246,28.100000381469727,EUR
IEMM.AS,2015-12-31,21.310529708862305,26.385000228881836,EUR
IEMM.AS,2016-01-31,21.504375457763672,26.625,EUR
IEMM.AS,2016-02-29,23.11894416809082,28.55500030517578,EUR
IEMM.AS,2016-03-31,22.867952346801758,28.2450008392334,EUR
IEMM.AS,2016-04-30,22.706037521362305,28.045000076293945,EUR
IEMM.AS,2016-05-31,23.742116928100586,29.225000381469727,EUR
IEMM.AS,2016-06-30,24.916019439697266,30.670000076293945,EUR
IEMM.AS,2016-07-31,25.31816291809082,31.165000915527344,EUR
IEMM.AS,2016-08-31,25.70089340209961,31.334999084472656,EUR
IEMM.AS,2016-09-30,26.20941734313965,31.954999923706055,EUR
IEMM.AS,2016-10-31,25.889541625976562,31.565000534057617,EUR
IEMM.AS,2016-11-30,25.88272476196289,31.5,EUR
IEMM.AS,2016-12-31,26.913921356201172,32.755001068115234,EUR
IEMM.AS,2017-01-31,27.994417190551758,34.06999969482422,EUR
IEMM.AS,2017-02-28,28.677085876464844,34.834999084472656,EUR
IEMM.AS,2017-03-31,28.631799697875977,34.779998779296875,EUR
IEMM.AS,2017-04-30,28.557706832885742,34.689998626708984,EUR
IEMM.AS,2017-05-31,28.432479858398438,34.435001373291016,EUR
IEMM.AS,2017-06-30,29.04761505126953,35.18000030517578,EUR
IEMM.AS,2017-07-31,29.49349021911621,35.720001220703125,EUR
IEMM.AS,2017-08-31,29.650644302368164,35.58000183105469,EUR
IEMM.AS,2017-09-30,31.009010314941406,37.209999084472656,EUR
IEMM.AS,2017-10-31,30.44232940673828,36.529998779296875,EUR
IEMM.AS,2017-11-30,31.174047470092773,37.375,EUR
IEMM.AS,2017-12-31,32.58781433105469,39.06999969482422,EUR
IEMM.AS,2018-01-31,31.561893463134766,37.84000015258789,EUR
IEMM.AS,2018-02-28,31.027816772460938,37.119998931884766,EUR
IEMM.AS,2018-03-31,31.194992065429688,37.31999969482422,EUR
IEMM.AS,2018-04-30,31.011104583740234,37.099998474121094,EUR
IEMM.AS,2018-05-31,29.724102020263672,35.435001373291016,EUR
IEMM.AS,2018-06-30,30.428728103637695,36.275001525878906,EUR
IEMM.AS,2018-07-31,29.472442626953125,35.1349983215332,EUR
IEMM.AS,2018-08-31,29.554275512695312,34.869998931884766,EUR
IEMM.AS,2018-09-30,27.592182159423828,32.55500030517578,EUR
IEMM.AS,2018-10-31,28.816898345947266,34.0,EUR
IEMM.AS,2018-11-30,28.00715446472168,32.974998474121094,EUR
IEMM.AS,2018-12-31,30.30887222290039,35.685001373291016,EUR
IEMM.AS,2019-01-31,30.21546173095703,35.57500076293945,EUR
IEMM.AS,2019-02-28,30.91074562072754,36.30500030517578,EUR
IEMM.AS,2019-03-31,31.51524543762207,37.01499938964844,EUR
IEMM.AS,2019-04-30,29.484617233276367,34.630001068115234,EUR
IEMM.AS,2019-05-31,30.635778427124023,35.84000015258789,EUR
IEMM.AS,2019-06-30,30.823837280273438,36.060001373291016,EUR
IEMM.AS,2019-07-31,29.627117156982422,34.65999984741211,EUR
IEMM.AS,2019-08-31,30.557395935058594,35.369998931884766,EUR
IEMM.AS,2019-09-30,30.894336700439453,35.7599983215332,EUR
IEMM.AS,2019-10-31,31.35221290588379,36.290000915527344,EUR
IEMM.AS,2019-11-30,33.00564193725586,38.130001068115234,EUR
IEMM.AS,2019-12-31,31.46487045288086,36.349998474121094,EUR
IEMM.AS,2020-01-31,30.062589645385742,34.72999954223633,EUR
IEMM.AS,2020-02-29,26.056913375854492,30.030000686645508,EUR
IEMM.AS,2020-03-31,28.16541862487793,32.459999084472656,EUR
IEMM.AS,2020-04-30,27.800989151000977,32.040000915527344,EUR
IEMM.AS,2020-05-31,29.82159423828125,34.224998474121094,EUR
IEMM.AS,2020-06-30,30.614521026611328,35.1349983215332,EUR
IEMM.AS,2020-07-31,31.041484832763672,35.625,EUR
IEMM.AS,2020-08-31,31.463544845581055,35.79999923706055,EUR
IEMM.AS,2020-09-30,32.29847717285156,36.75,EUR
IEMM.AS,2020-10-31,34.44292068481445,39.189998626708984,EUR
IEMM.AS,2020-11-30,36.08074951171875,40.96500015258789,EUR
IEMM.AS,2020-12-31,37.652923583984375,42.75,EUR
IEMM.AS,2021-01-31,38.0184440612793,43.165000915527344,EUR
IEMM.AS,2021-02-28,38.68745803833008,43.79999923706055,EUR
IEMM.AS,2021-03-31,38.31648635864258,43.380001068115234,EUR
IEMM.AS,2021-04-30,38.60795974731445,43.709999084472656,EUR
IEMM.AS,2021-05-31,39.874088287353516,44.935001373291016,EUR
IEMM.AS,2021-06-30,37.37613296508789,42.119998931884766,EUR
IEMM.AS,2021-07-31,38.14371109008789,42.98500061035156,EUR
IEMM.AS,2021-08-31,37.60697555541992,42.04499816894531,EUR
IEMM.AS,2021-09-30,37.80375671386719,42.26499938964844,EUR
IEMM.AS,2021-10-31,37.02558135986328,41.39500045776367,EUR
IEMM.AS,2021-11-30,37.80125045776367,42.095001220703125,EUR
IEMM.AS,2021-12-31,37.79676055908203,42.09000015258789,EUR
IEMM.AS,2022-01-31,36.44527816772461,40.584999084472656,EUR
IEMM.AS,2022-02-28,35.80510711669922,39.73500061035156,EUR
IEMM.AS,2022-03-31,35.58433151245117,39.4900016784668,EUR
IEMM.AS,2022-04-30,34.845428466796875,38.66999816894531,EUR
IEMM.AS,2022-05-31,33.71841812133789,37.165000915527344,EUR
IEMM.AS,2022-06-30,34.630218505859375,38.16999816894531,EUR
IEMM.AS,2022-07-31,34.82981491088867,38.38999938964844,EUR
IEMM.AS,2022-08-31,31.764219284057617,34.560001373291016,EUR
IEMM.AS,2022-09-30,30.564788818359375,33.255001068115234,EUR
IEMM.AS,2022-10-31,33.60243225097656,36.560001373291016,EUR
IEMM.AS,2022-11-30,31.830028533935547,34.5,EUR
IEMM.AS,2022-12-31,34.261112213134766,37.1349983215332,EUR
IEMM.AS,2023-01-31,32.609642028808594,35.345001220703125,EUR
IEMM.AS,2023-02-28,32.92612838745117,35.58000183105469,EUR
IEMM.AS,2023-03-31,32.042362213134766,34.625,EUR
IEMM.AS,2023-04-30,32.250572204589844,34.849998474121094,EUR
IEMM.AS,2023-05-31,33.11919021606445,35.57500076293945,EUR
IEMM.AS,2023-06-30,34.748382568359375,37.32500076293945,EUR
IEMM.AS,2023-07-31,33.01678466796875,35.46500015258789,EUR
IEMM.AS,2023-08-31,32.850685119628906,34.89500045776367,EUR
IEMM.AS,2023-09-30,31.424436569213867,33.380001068115234,EUR
IEMM.AS,2023-10-31,32.982479095458984,35.03499984741211,EUR
IEMM.AS,2023-11-30,33.8257942199707,35.810001373291016,EUR
IEMM.AS,2023-12-31,33.23542785644531,35.185001373291016,EUR
IEMM.AS,2024-01-31,34.54368209838867,36.56999969482422,EUR
IEMM.AS,2024-02-29,35.6054573059082,37.584999084472656,EUR
IEMM.AS,2024-03-31,35.955970764160156,37.95500183105469,EUR
IEMM.AS,2024-04-30,35.74755096435547,37.73500061035156,EUR
IEMM.AS,2024-05-31,37.67807388305664,39.505001068115234,EUR
IEMM.AS,2024-06-30,37.530242919921875,39.349998474121094,EUR
IEMM.AS,2024-07-31,36.97229766845703,38.76499938964844,EUR
IEMM.AS,2024-08-31,39.135616302490234,40.625,EUR
IEMM.AS,2024-09-30,38.37939453125,39.84000015258789,EUR
IEMM.AS,2024-10-31,38.60095977783203,40.06999969482422,EUR
IEMM.AS,2024-11-30,38.60748291015625,39.95000076293945,EUR
IEMM.AS,2024-12-31,39.78648376464844,41.16999816894531,EUR
IEMM.AS,2025-01-31,39.64635467529297,41.025001525878906,EUR
IEMM.AS,2025-02-28,38.54233932495117,39.744998931884766,EUR
IEMM.AS,2025-03-31,36.908321380615234,38.060001373291016,EUR
IEMM.AS,2025-04-30,38.4696044921875,39.66999816894531,EUR
IEMM.AS,2025-05-31,39.76830291748047,40.72999954223633,EUR
IEMM.AS,2025-06-30,41.43792724609375,42.439998626708984,EUR
IEMM.AS,2025-07-31,41.39887619018555,42.400001525878906,EUR
IEMM.AS,2025-08-31,44.19950866699219,44.92499923706055,EUR
IEMM.AS,2025-09-30,46.61977767944336,47.3849983215332,EUR
IEMM.AS,2025-10-31,45.635929107666016,46.3849983215332,EUR
IEMM.AS,2025-11-30,46.153011322021484,46.78499984741211,EUR
IEMM.AS,2025-12-31,49.452823638916016,50.130001068115234,EUR
IEMM.AS,2026-01-31,52.35310363769531,53.06999969482422,EUR
IEMM.AS,2026-02-28,47.25164794921875,47.7599983215332,EUR
IEMM.AS,2026-03-31,53.28672409057617,53.86000061035156,EUR
IEMM.AS,2026-04-30,58.223609924316406,58.849998474121094,EUR
IEMM.AS,2026-05-31,59.14438247680664,59.5099983215332,EUR
IEMM.AS,2026-06-30,55.119266510009766,55.459999084472656,EUR
IEMM.AS,2026-07-31,57.35544204711914,57.709999084472656,EUR
IEMM.AS,2026-08-31,59.25,59.25,EUR
GC=F,2000-08-01,278.29998779296875,278.29998779296875,USD
GC=F,2000-09-01,273.6000061035156,273.6000061035156,USD
GC=F,2000-11-01,270.1000061035156,270.1000061035156,USD
GC=F,2000-12-01,272.0,272.0,USD
GC=F,2001-01-01,265.6000061035156,265.6000061035156,USD
GC=F,2001-02-01,266.79998779296875,266.79998779296875,USD
GC=F,2001-03-01,257.8999938964844,257.8999938964844,USD
GC=F,2001-05-01,265.29998779296875,265.29998779296875,USD
GC=F,2001-06-01,270.6000061035156,270.6000061035156,USD
GC=F,2001-08-01,274.3999938964844,274.3999938964844,USD
GC=F,2001-09-01,292.3999938964844,292.3999938964844,USD
GC=F,2001-10-01,279.5,279.5,USD
GC=F,2001-11-01,273.8999938964844,273.8999938964844,USD
GC=F,2001-12-01,278.70001220703125,278.70001220703125,USD
GC=F,2002-01-01,282.1000061035156,282.1000061035156,USD
GC=F,2002-02-01,296.70001220703125,296.70001220703125,USD
GC=F,2002-03-01,302.6000061035156,302.6000061035156,USD
GC=F,2002-04-01,308.8999938964844,308.8999938964844,USD
GC=F,2002-05-01,326.5,326.5,USD
GC=F,2002-06-01,313.5,313.5,USD
GC=F,2002-07-01,303.20001220703125,303.20001220703125,USD
GC=F,2002-08-01,312.3999938964844,312.3999938964844,USD
GC=F,2002-10-01,318.0,318.0,USD
GC=F,2002-11-01,316.79998779296875,316.79998779296875,USD
GC=F,2003-01-01,368.29998779296875,368.29998779296875,USD
GC=F,2003-02-01,350.20001220703125,350.20001220703125,USD
GC=F,2003-03-01,335.8999938964844,335.8999938964844,USD
GC=F,2003-04-01,339.1000061035156,339.1000061035156,USD
GC=F,2003-05-01,364.5,364.5,USD
GC=F,2003-07-01,354.0,354.0,USD
GC=F,2003-08-01,375.70001220703125,375.70001220703125,USD
GC=F,2003-09-01,385.3999938964844,385.3999938964844,USD
GC=F,2003-10-01,384.5,384.5,USD
GC=F,2003-11-01,396.79998779296875,396.79998779296875,USD
GC=F,2003-12-01,415.70001220703125,415.70001220703125,USD
GC=F,2004-01-01,402.20001220703125,402.20001220703125,USD
GC=F,2004-03-01,427.29998779296875,427.29998779296875,USD
GC=F,2004-04-01,387.0,387.0,USD
GC=F,2004-05-01,394.0,394.0,USD
GC=F,2004-06-01,392.6000061035156,392.6000061035156,USD
GC=F,2004-07-01,391.0,391.0,USD
GC=F,2004-09-01,418.70001220703125,418.70001220703125,USD
GC=F,2004-10-01,428.5,428.5,USD
GC=F,2004-11-01,451.29998779296875,451.29998779296875,USD
GC=F,2004-12-01,437.5,437.5,USD
GC=F,2005-01-01,421.79998779296875,421.79998779296875,USD
GC=F,2005-02-01,436.5,436.5,USD
GC=F,2005-03-01,428.70001220703125,428.70001220703125,USD
GC=F,2005-04-01,435.0,435.0,USD
GC=F,2005-06-01,435.8999938964844,435.8999938964844,USD
GC=F,2005-07-01,429.8999938964844,429.8999938964844,USD
GC=F,2005-08-01,433.79998779296875,433.79998779296875,USD
GC=F,2005-09-01,469.0,469.0,USD
GC=F,2005-10-01,465.1000061035156,465.1000061035156,USD
GC=F,2005-11-01,494.6000061035156,494.6000061035156,USD
GC=F,2005-12-01,517.0999755859375,517.0999755859375,USD
GC=F,2006-02-01,561.5999755859375,561.5999755859375,USD
GC=F,2006-03-01,581.7999877929688,581.7999877929688,USD
GC=F,2006-04-01,651.7999877929688,651.7999877929688,USD
GC=F,2006-05-01,642.5,642.5,USD
GC=F,2006-06-01,613.5,613.5,USD
GC=F,2006-07-01,634.2000122070312,634.2000122070312,USD
GC=F,2006-08-01,625.9000244140625,625.9000244140625,USD
GC=F,2006-09-01,598.5999755859375,598.5999755859375,USD
GC=F,2006-11-01,646.9000244140625,646.9000244140625,USD
GC=F,2006-12-01,635.2000122070312,635.2000122070312,USD
GC=F,2007-01-01,652.0,652.0,USD
GC=F,2007-02-01,669.4000244140625,669.4000244140625,USD
GC=F,2007-03-01,663.0,663.0,USD
GC=F,2007-05-01,661.0,661.0,USD
GC=F,2007-06-01,648.0999755859375,648.0999755859375,USD
GC=F,2007-08-01,673.0,673.0,USD
GC=F,2007-09-01,742.7999877929688,742.7999877929688,USD
GC=F,2007-10-01,792.0,792.0,USD
GC=F,2007-11-01,782.2000122070312,782.2000122070312,USD
GC=F,2007-12-01,834.9000244140625,834.9000244140625,USD
GC=F,2008-01-01,922.7000122070312,922.7000122070312,USD
GC=F,2008-02-01,972.0999755859375,972.0999755859375,USD
GC=F,2008-03-01,916.2000122070312,916.2000122070312,USD
GC=F,2008-04-01,862.7999877929688,862.7999877929688,USD
GC=F,2008-05-01,887.2999877929688,887.2999877929688,USD
GC=F,2008-07-01,913.9000244140625,913.9000244140625,USD
GC=F,2008-08-01,829.2999877929688,829.2999877929688,USD
GC=F,2008-09-01,874.2000122070312,874.2000122070312,USD
GC=F,2008-10-01,716.7999877929688,716.7999877929688,USD
GC=F,2008-11-01,816.2000122070312,816.2000122070312,USD
GC=F,2008-12-01,883.5999755859375,883.5999755859375,USD
GC=F,2009-01-01,927.2999877929688,927.2999877929688,USD
GC=F,2009-04-01,890.7000122070312,890.7000122070312,USD
GC=F,2009-05-01,978.7999877929688,978.7999877929688,USD
GC=F,2009-06-01,927.0999755859375,927.0999755859375,USD
GC=F,2009-07-01,953.7000122070312,953.7000122070312,USD
GC=F,2009-08-01,951.7000122070312,951.7000122070312,USD
GC=F,2009-09-01,1008.0,1008.0,USD
GC=F,2009-10-01,1039.699951171875,1039.699951171875,USD
GC=F,2009-12-01,1095.199951171875,1095.199951171875,USD
GC=F,2010-01-01,1083.0,1083.0,USD
GC=F,2010-02-01,1118.300048828125,1118.300048828125,USD
GC=F,2010-03-01,1113.300048828125,1113.300048828125,USD
GC=F,2010-04-01,1180.0999755859375,1180.0999755859375,USD
GC=F,2010-05-01,1212.199951171875,1212.199951171875,USD
GC=F,2010-06-01,1245.5,1245.5,USD
GC=F,2010-07-01,1181.699951171875,1181.699951171875,USD
GC=F,2010-09-01,1307.800048828125,1307.800048828125,USD
GC=F,2010-10-01,1357.0999755859375,1357.0999755859375,USD
GC=F,2010-11-01,1385.0,1385.0,USD
GC=F,2010-12-01,1421.0999755859375,1421.0999755859375,USD
GC=F,2011-01-01,1333.800048828125,1333.800048828125,USD
GC=F,2011-02-01,1409.300048828125,1409.300048828125,USD
GC=F,2011-03-01,1438.9000244140625,1438.9000244140625,USD
GC=F,2011-04-01,1556.0,1556.0,USD
GC=F,2011-06-01,1502.300048828125,1502.300048828125,USD
GC=F,2011-07-01,1628.300048828125,1628.300048828125,USD
GC=F,2011-08-01,1828.5,1828.5,USD
GC=F,2011-09-01,1620.4000244140625,1620.4000244140625,USD
GC=F,2011-10-01,1724.199951171875,1724.199951171875,USD
GC=F,2011-11-01,1745.5,1745.5,USD
GC=F,2011-12-01,1565.800048828125,1565.800048828125,USD
GC=F,2012-02-01,1709.9000244140625,1709.9000244140625,USD
GC=F,2012-03-01,1669.300048828125,1669.300048828125,USD
GC=F,2012-05-01,1562.5999755859375,1562.5999755859375,USD
GC=F,2012-06-01,1603.5,1603.5,USD
GC=F,2012-08-01,1684.5999755859375,1684.5999755859375,USD
GC=F,2012-09-01,1771.0999755859375,1771.0999755859375,USD
GC=F,2012-10-01,1717.5,1717.5,USD
GC=F,2012-11-01,1710.9000244140625,1710.9000244140625,USD
GC=F,2012-12-01,1674.800048828125,1674.800048828125,USD
GC=F,2013-01-01,1660.5999755859375,1660.5999755859375,USD
GC=F,2013-02-01,1577.699951171875,1577.699951171875,USD
GC=F,2013-03-01,1594.800048828125,1594.800048828125,USD
GC=F,2013-04-01,1472.199951171875,1472.199951171875,USD
GC=F,2013-05-01,1392.5999755859375,1392.5999755859375,USD
GC=F,2013-06-01,1223.800048828125,1223.800048828125,USD
GC=F,2013-07-01,1312.4000244140625,1312.4000244140625,USD
GC=F,2013-08-01,1396.0999755859375,1396.0999755859375,USD
GC=F,2013-10-01,1323.5999755859375,1323.5999755859375,USD
GC=F,2013-11-01,1250.5999755859375,1250.5999755859375,USD
GC=F,2014-01-01,1240.0999755859375,1240.0999755859375,USD
GC=F,2014-02-01,1321.4000244140625,1321.4000244140625,USD
GC=F,2014-03-01,1283.4000244140625,1283.4000244140625,USD
GC=F,2014-04-01,1295.5999755859375,1295.5999755859375,USD
GC=F,2014-05-01,1245.5999755859375,1245.5999755859375,USD
GC=F,2014-07-01,1281.300048828125,1281.300048828125,USD
GC=F,2014-08-01,1285.800048828125,1285.800048828125,USD
GC=F,2014-09-01,1210.5,1210.5,USD
GC=F,2014-10-01,1171.0999755859375,1171.0999755859375,USD
GC=F,2014-11-01,1175.199951171875,1175.199951171875,USD
GC=F,2014-12-01,1183.9000244140625,1183.9000244140625,USD
GC=F,2015-01-01,1278.5,1278.5,USD
GC=F,2015-04-01,1182.4000244140625,1182.4000244140625,USD
GC=F,2015-05-01,1189.4000244140625,1189.4000244140625,USD
GC=F,2015-06-01,1171.5,1171.5,USD
GC=F,2015-07-01,1094.9000244140625,1094.9000244140625,USD
GC=F,2015-08-01,1131.5999755859375,1131.5999755859375,USD
GC=F,2015-09-01,1115.5,1115.5,USD
GC=F,2015-10-01,1141.5,1141.5,USD
GC=F,2015-12-01,1060.300048828125,1060.300048828125,USD
GC=F,2016-01-01,1116.4000244140625,1116.4000244140625,USD
GC=F,2016-02-01,1233.9000244140625,1233.9000244140625,USD
GC=F,2016-03-01,1234.199951171875,1234.199951171875,USD
GC=F,2016-04-01,1289.199951171875,1289.199951171875,USD
GC=F,2016-06-01,1318.4000244140625,1318.4000244140625,USD
GC=F,2016-07-01,1349.0,1349.0,USD
GC=F,2016-08-01,1306.9000244140625,1306.9000244140625,USD
GC=F,2016-09-01,1313.300048828125,1313.300048828125,USD
GC=F,2016-10-01,1271.5,1271.5,USD
GC=F,2016-11-01,1170.800048828125,1170.800048828125,USD
GC=F,2016-12-01,1150.0,1150.0,USD
GC=F,2017-02-01,1252.5999755859375,1252.5999755859375,USD
GC=F,2017-03-01,1247.300048828125,1247.300048828125,USD
GC=F,2017-04-01,1266.0999755859375,1266.0999755859375,USD
GC=F,2017-05-01,1272.0,1272.0,USD
GC=F,2017-06-01,1240.699951171875,1240.699951171875,USD
GC=F,2017-07-01,1266.5999755859375,1266.5999755859375,USD
GC=F,2017-08-01,1316.199951171875,1316.199951171875,USD
GC=F,2017-09-01,1281.5,1281.5,USD
GC=F,2017-11-01,1273.199951171875,1273.199951171875,USD
GC=F,2017-12-01,1306.300048828125,1306.300048828125,USD
GC=F,2018-01-01,1339.0,1339.0,USD
GC=F,2018-02-01,1315.5,1315.5,USD
GC=F,2018-03-01,1322.800048828125,1322.800048828125,USD
GC=F,2018-05-01,1300.0999755859375,1300.0999755859375,USD
GC=F,2018-06-01,1251.300048828125,1251.300048828125,USD
GC=F,2018-08-01,1200.300048828125,1200.300048828125,USD
GC=F,2018-09-01,1191.5,1191.5,USD
GC=F,2018-10-01,1212.300048828125,1212.300048828125,USD
GC=F,2018-11-01,1220.199951171875,1220.199951171875,USD
GC=F,2018-12-01,1278.300048828125,1278.300048828125,USD
GC=F,2019-01-01,1319.699951171875,1319.699951171875,USD
GC=F,2019-02-01,1312.800048828125,1312.800048828125,USD
GC=F,2019-03-01,1293.0,1293.0,USD
GC=F,2019-04-01,1282.800048828125,1282.800048828125,USD
GC=F,2019-05-01,1305.800048828125,1305.800048828125,USD
GC=F,2019-06-01,1409.699951171875,1409.699951171875,USD
GC=F,2019-07-01,1426.0999755859375,1426.0999755859375,USD
GC=F,2019-08-01,1519.0999755859375,1519.0999755859375,USD
GC=F,2019-10-01,1511.4000244140625,1511.4000244140625,USD
GC=F,2019-11-01,1465.5999755859375,1465.5999755859375,USD
GC=F,2020-01-01,1582.9000244140625,1582.9000244140625,USD
GC=F,2020-02-01,1564.0999755859375,1564.0999755859375,USD
GC=F,2020-04-01,1684.199951171875,1684.199951171875,USD
GC=F,2020-05-01,1751.699951171875,1751.699951171875,USD
GC=F,2020-06-01,1800.5,1800.5,USD
GC=F,2020-07-01,1962.800048828125,1962.800048828125,USD
GC=F,2020-08-01,1978.5999755859375,1978.5999755859375,USD
GC=F,2020-09-01,1895.5,1895.5,USD
GC=F,2020-10-01,1879.9000244140625,1879.9000244140625,USD
GC=F,2020-12-01,1895.0999755859375,1895.0999755859375,USD
GC=F,2021-01-01,1847.300048828125,1847.300048828125,USD
GC=F,2021-02-01,1728.800048828125,1728.800048828125,USD
GC=F,2021-03-01,1713.800048828125,1713.800048828125,USD
GC=F,2021-04-01,1767.699951171875,1767.699951171875,USD
GC=F,2021-05-01,1902.5,1902.5,USD
GC=F,2021-06-01,1771.5999755859375,1771.5999755859375,USD
GC=F,2021-07-01,1812.5999755859375,1812.5999755859375,USD
GC=F,2021-09-01,1757.0,1757.0,USD
GC=F,2021-10-01,1783.9000244140625,1783.9000244140625,USD
GC=F,2021-11-01,1773.5999755859375,1773.5999755859375,USD
GC=F,2021-12-01,1828.5999755859375,1828.5999755859375,USD
GC=F,2022-01-01,1795.0,1795.0,USD
GC=F,2022-02-01,1900.699951171875,1900.699951171875,USD
GC=F,2022-03-01,1949.199951171875,1949.199951171875,USD
GC=F,2022-04-01,1911.699951171875,1911.699951171875,USD
GC=F,2022-06-01,1807.300048828125,1807.300048828125,USD
GC=F,2022-07-01,1762.9000244140625,1762.9000244140625,USD
GC=F,2022-08-01,1726.199951171875,1726.199951171875,USD
GC=F,2022-09-01,1672.0,1672.0,USD
GC=F,2022-10-01,1640.699951171875,1640.699951171875,USD
GC=F,2022-11-01,1746.0,1746.0,USD
GC=F,2022-12-01,1826.199951171875,1826.199951171875,USD
GC=F,2023-02-01,1836.699951171875,1836.699951171875,USD
GC=F,2023-03-01,1969.0,1969.0,USD
GC=F,2023-04-01,1999.0999755859375,1999.0999755859375,USD
GC=F,2023-05-01,1963.9000244140625,1963.9000244140625,USD
GC=F,2023-06-01,1929.4000244140625,1929.4000244140625,USD
GC=F,2023-07-01,1970.5,1970.5,USD
GC=F,2023-08-01,1965.9000244140625,1965.9000244140625,USD
GC=F,2023-09-01,1866.0999755859375,1866.0999755859375,USD
GC=F,2023-11-01,2038.0999755859375,2038.0999755859375,USD
GC=F,2023-12-01,2071.800048828125,2071.800048828125,USD
GC=F,2024-01-01,2048.39990234375,2048.39990234375,USD
GC=F,2024-02-01,2054.699951171875,2054.699951171875,USD
GC=F,2024-03-01,2217.39990234375,2217.39990234375,USD
GC=F,2024-04-01,2302.89990234375,2302.89990234375,USD
GC=F,2024-05-01,2322.89990234375,2322.89990234375,USD
GC=F,2024-06-01,2339.60009765625,2339.60009765625,USD
GC=F,2024-07-01,2426.5,2426.5,USD
GC=F,2024-08-01,2527.60009765625,2527.60009765625,USD
GC=F,2024-10-01,2749.300048828125,2749.300048828125,USD
GC=F,2024-11-01,2657.0,2657.0,USD
GC=F,2025-01-01,2812.5,2812.5,USD
GC=F,2025-02-01,2848.5,2848.5,USD
GC=F,2025-03-01,3122.800048828125,3122.800048828125,USD
GC=F,2025-04-01,3319.10009765625,3319.10009765625,USD
GC=F,2025-05-01,3288.89990234375,3288.89990234375,USD
GC=F,2025-07-01,3293.199951171875,3293.199951171875,USD
GC=F,2025-08-01,3516.10009765625,3516.10009765625,USD
GC=F,2025-09-01,3873.199951171875,3873.199951171875,USD
GC=F,2025-10-01,3996.5,3996.5,USD
GC=F,2025-11-01,4254.89990234375,4254.89990234375,USD
GC=F,2025-12-01,4341.10009765625,4341.10009765625,USD
GC=F,2026-01-01,4745.10009765625,4745.10009765625,USD
GC=F,2026-04-01,4629.60009765625,4629.60009765625,USD
GC=F,2026-05-01,4593.0,4593.0,USD
GC=F,2026-06-01,4038.5,4038.5,USD
GC=F,2026-07-01,4107.0,4107.0,USD
GC=F,2026-08-01,4481.5,4481.5,USD
GC=F,2026-09-01,4310.2001953125,4310.2001953125,USD
^GSPC,1985-01-01,179.6300048828125,179.6300048828125,USD
^GSPC,1985-02-01,181.17999267578125,181.17999267578125,USD
^GSPC,1985-03-01,180.66000366210938,180.66000366210938,USD
^GSPC,1985-04-01,179.8300018310547,179.8300018310547,USD
^GSPC,1985-05-01,189.5500030517578,189.5500030517578,USD
^GSPC,1985-06-01,191.85000610351562,191.85000610351562,USD
^GSPC,1985-07-01,190.9199981689453,190.9199981689453,USD
^GSPC,1985-08-01,188.6300048828125,188.6300048828125,USD
^GSPC,1985-09-01,182.0800018310547,182.0800018310547,USD
^GSPC,1985-10-01,189.82000732421875,189.82000732421875,USD
^GSPC,1985-11-01,202.1699981689453,202.1699981689453,USD
^GSPC,1985-12-01,211.27999877929688,211.27999877929688,USD
^GSPC,1986-01-01,211.77999877929688,211.77999877929688,USD
^GSPC,1986-02-01,226.9199981689453,226.9199981689453,USD
^GSPC,1986-03-01,238.89999389648438,238.89999389648438,USD
^GSPC,1986-04-01,235.52000427246094,235.52000427246094,USD
^GSPC,1986-05-01,247.35000610351562,247.35000610351562,USD
^GSPC,1986-06-01,250.83999633789062,250.83999633789062,USD
^GSPC,1986-07-01,236.1199951171875,236.1199951171875,USD
^GSPC,1986-08-01,252.92999267578125,252.92999267578125,USD
^GSPC,1986-09-01,231.32000732421875,231.32000732421875,USD
^GSPC,1986-10-01,243.97999572753906,243.97999572753906,USD
^GSPC,1986-11-01,249.22000122070312,249.22000122070312,USD
^GSPC,1986-12-01,242.1699981689453,242.1699981689453,USD
^GSPC,1987-01-01,274.0799865722656,274.0799865722656,USD
^GSPC,1987-02-01,284.20001220703125,284.20001220703125,USD
^GSPC,1987-03-01,291.70001220703125,291.70001220703125,USD
^GSPC,1987-04-01,288.3599853515625,288.3599853515625,USD
^GSPC,1987-05-01,290.1000061035156,290.1000061035156,USD
^GSPC,1987-06-01,304.0,304.0,USD
^GSPC,1987-07-01,318.6600036621094,318.6600036621094,USD
^GSPC,1987-08-01,329.79998779296875,329.79998779296875,USD
^GSPC,1987-09-01,321.8299865722656,321.8299865722656,USD
^GSPC,1987-10-01,251.7899932861328,251.7899932861328,USD
^GSPC,1987-11-01,230.3000030517578,230.3000030517578,USD
^GSPC,1987-12-01,247.0800018310547,247.0800018310547,USD
^GSPC,1988-01-01,257.07000732421875,257.07000732421875,USD
^GSPC,1988-02-01,267.82000732421875,267.82000732421875,USD
^GSPC,1988-03-01,258.8900146484375,258.8900146484375,USD
^GSPC,1988-04-01,261.3299865722656,261.3299865722656,USD
^GSPC,1988-05-01,262.1600036621094,262.1600036621094,USD
^GSPC,1988-06-01,273.5,273.5,USD
^GSPC,1988-07-01,272.0199890136719,272.0199890136719,USD
^GSPC,1988-08-01,261.5199890136719,261.5199890136719,USD
^GSPC,1988-09-01,271.9100036621094,271.9100036621094,USD
^GSPC,1988-10-01,278.9700012207031,278.9700012207031,USD
^GSPC,1988-11-01,273.70001220703125,273.70001220703125,USD
^GSPC,1988-12-01,277.7200012207031,277.7200012207031,USD
^GSPC,1989-01-01,297.4700012207031,297.4700012207031,USD
^GSPC,1989-02-01,288.8599853515625,288.8599853515625,USD
^GSPC,1989-03-01,294.8699951171875,294.8699951171875,USD
^GSPC,1989-04-01,309.6400146484375,309.6400146484375,USD
^GSPC,1989-05-01,320.5199890136719,320.5199890136719,USD
^GSPC,1989-06-01,317.9800109863281,317.9800109863281,USD
^GSPC,1989-07-01,346.0799865722656,346.0799865722656,USD
^GSPC,1989-08-01,351.45001220703125,351.45001220703125,USD
^GSPC,1989-09-01,349.1499938964844,349.1499938964844,USD
^GSPC,1989-10-01,340.3599853515625,340.3599853515625,USD
^GSPC,1989-11-01,345.989990234375,345.989990234375,USD
^GSPC,1989-12-01,353.3999938964844,353.3999938964844,USD
^GSPC,1990-01-01,329.0799865722656,329.0799865722656,USD
^GSPC,1990-02-01,331.8900146484375,331.8900146484375,USD
^GSPC,1990-03-01,339.94000244140625,339.94000244140625,USD
^GSPC,1990-04-01,330.79998779296875,330.79998779296875,USD
^GSPC,1990-05-01,361.2300109863281,361.2300109863281,USD
^GSPC,1990-06-01,358.0199890136719,358.0199890136719,USD
^GSPC,1990-07-01,356.1499938964844,356.1499938964844,USD
^GSPC,1990-08-01,322.55999755859375,322.55999755859375,USD
^GSPC,1990-09-01,306.04998779296875,306.04998779296875,USD
^GSPC,1990-10-01,304.0,304.0,USD
^GSPC,1990-11-01,322.2200012207031,322.2200012207031,USD
^GSPC,1990-12-01,330.2200012207031,330.2200012207031,USD
^GSPC,1991-01-01,343.92999267578125,343.92999267578125,USD
^GSPC,1991-02-01,367.07000732421875,367.07000732421875,USD
^GSPC,1991-03-01,375.2200012207031,375.2200012207031,USD
^GSPC,1991-04-01,375.3399963378906,375.3399963378906,USD
^GSPC,1991-05-01,389.8299865722656,389.8299865722656,USD
^GSPC,1991-06-01,371.1600036621094,371.1600036621094,USD
^GSPC,1991-07-01,387.80999755859375,387.80999755859375,USD
^GSPC,1991-08-01,395.42999267578125,395.42999267578125,USD
^GSPC,1991-09-01,387.8599853515625,387.8599853515625,USD
^GSPC,1991-10-01,392.45001220703125,392.45001220703125,USD
^GSPC,1991-11-01,375.2200012207031,375.2200012207031,USD
^GSPC,1991-12-01,417.0899963378906,417.0899963378906,USD
^GSPC,1992-01-01,408.7799987792969,408.7799987792969,USD
^GSPC,1992-02-01,412.70001220703125,412.70001220703125,USD
^GSPC,1992-03-01,403.69000244140625,403.69000244140625,USD
^GSPC,1992-04-01,414.95001220703125,414.95001220703125,USD
^GSPC,1992-05-01,415.3500061035156,415.3500061035156,USD
^GSPC,1992-06-01,408.1400146484375,408.1400146484375,USD
^GSPC,1992-07-01,424.2099914550781,424.2099914550781,USD
^GSPC,1992-08-01,414.0299987792969,414.0299987792969,USD
^GSPC,1992-09-01,417.79998779296875,417.79998779296875,USD
^GSPC,1992-10-01,418.67999267578125,418.67999267578125,USD
^GSPC,1992-11-01,431.3500061035156,431.3500061035156,USD
^GSPC,1992-12-01,435.7099914550781,435.7099914550781,USD
^GSPC,1993-01-01,438.7799987792969,438.7799987792969,USD
^GSPC,1993-02-01,443.3800048828125,443.3800048828125,USD
^GSPC,1993-03-01,451.6700134277344,451.6700134277344,USD
^GSPC,1993-04-01,440.19000244140625,440.19000244140625,USD
^GSPC,1993-05-01,450.19000244140625,450.19000244140625,USD
^GSPC,1993-06-01,450.5299987792969,450.5299987792969,USD
^GSPC,1993-07-01,448.1300048828125,448.1300048828125,USD
^GSPC,1993-08-01,463.55999755859375,463.55999755859375,USD
^GSPC,1993-09-01,458.92999267578125,458.92999267578125,USD
^GSPC,1993-10-01,467.8299865722656,467.8299865722656,USD
^GSPC,1993-11-01,461.7900085449219,461.7900085449219,USD
^GSPC,1993-12-01,466.45001220703125,466.45001220703125,USD
^GSPC,1994-01-01,481.6099853515625,481.6099853515625,USD
^GSPC,1994-02-01,467.1400146484375,467.1400146484375,USD
^GSPC,1994-03-01,445.7699890136719,445.7699890136719,USD
^GSPC,1994-04-01,450.9100036621094,450.9100036621094,USD
^GSPC,1994-05-01,456.5,456.5,USD
^GSPC,1994-06-01,444.2699890136719,444.2699890136719,USD
^GSPC,1994-07-01,458.260009765625,458.260009765625,USD
^GSPC,1994-08-01,475.489990234375,475.489990234375,USD
^GSPC,1994-09-01,462.7099914550781,462.7099914550781,USD
^GSPC,1994-10-01,472.3500061035156,472.3500061035156,USD
^GSPC,1994-11-01,453.69000244140625,453.69000244140625,USD
^GSPC,1994-12-01,459.2699890136719,459.2699890136719,USD
^GSPC,1995-01-01,470.4200134277344,470.4200134277344,USD
^GSPC,1995-02-01,487.3900146484375,487.3900146484375,USD
^GSPC,1995-03-01,500.7099914550781,500.7099914550781,USD
^GSPC,1995-04-01,514.7100219726562,514.7100219726562,USD
^GSPC,1995-05-01,533.4000244140625,533.4000244140625,USD
^GSPC,1995-06-01,544.75,544.75,USD
^GSPC,1995-07-01,562.0599975585938,562.0599975585938,USD
^GSPC,1995-08-01,561.8800048828125,561.8800048828125,USD
^GSPC,1995-09-01,584.4099731445312,584.4099731445312,USD
^GSPC,1995-10-01,581.5,581.5,USD
^GSPC,1995-11-01,605.3699951171875,605.3699951171875,USD
^GSPC,1995-12-01,615.9299926757812,615.9299926757812,USD
^GSPC,1996-01-01,636.02001953125,636.02001953125,USD
^GSPC,1996-02-01,640.4299926757812,640.4299926757812,USD
^GSPC,1996-03-01,645.5,645.5,USD
^GSPC,1996-04-01,654.1699829101562,654.1699829101562,USD
^GSPC,1996-05-01,669.1199951171875,669.1199951171875,USD
^GSPC,1996-06-01,670.6300048828125,670.6300048828125,USD
^GSPC,1996-07-01,639.9500122070312,639.9500122070312,USD
^GSPC,1996-08-01,651.989990234375,651.989990234375,USD
^GSPC,1996-09-01,687.3300170898438,687.3300170898438,USD
^GSPC,1996-10-01,705.27001953125,705.27001953125,USD
^GSPC,1996-11-01,757.02001953125,757.02001953125,USD
^GSPC,1996-12-01,740.739990234375,740.739990234375,USD
^GSPC,1997-01-01,786.1599731445312,786.1599731445312,USD
^GSPC,1997-02-01,790.8200073242188,790.8200073242188,USD
^GSPC,1997-03-01,757.1199951171875,757.1199951171875,USD
^GSPC,1997-04-01,801.3400268554688,801.3400268554688,USD
^GSPC,1997-05-01,848.280029296875,848.280029296875,USD
^GSPC,1997-06-01,885.1400146484375,885.1400146484375,USD
^GSPC,1997-07-01,954.3099975585938,954.3099975585938,USD
^GSPC,1997-08-01,899.469970703125,899.469970703125,USD
^GSPC,1997-09-01,947.280029296875,947.280029296875,USD
^GSPC,1997-10-01,914.6199951171875,914.6199951171875,USD
^GSPC,1997-11-01,955.4000244140625,955.4000244140625,USD
^GSPC,1997-12-01,970.4299926757812,970.4299926757812,USD
^GSPC,1998-01-01,980.280029296875,980.280029296875,USD
^GSPC,1998-02-01,1049.3399658203125,1049.3399658203125,USD
^GSPC,1998-03-01,1101.75,1101.75,USD
^GSPC,1998-04-01,1111.75,1111.75,USD
^GSPC,1998-05-01,1090.8199462890625,1090.8199462890625,USD
^GSPC,1998-06-01,1133.8399658203125,1133.8399658203125,USD
^GSPC,1998-07-01,1120.6700439453125,1120.6700439453125,USD
^GSPC,1998-08-01,957.280029296875,957.280029296875,USD
^GSPC,1998-09-01,1017.010009765625,1017.010009765625,USD
^GSPC,1998-10-01,1098.6700439453125,1098.6700439453125,USD
^GSPC,1998-11-01,1163.6300048828125,1163.6300048828125,USD
^GSPC,1998-12-01,1229.22998046875,1229.22998046875,USD
^GSPC,1999-01-01,1279.6400146484375,1279.6400146484375,USD
^GSPC,1999-02-01,1238.3299560546875,1238.3299560546875,USD
^GSPC,1999-03-01,1286.3699951171875,1286.3699951171875,USD
^GSPC,1999-04-01,1335.1800537109375,1335.1800537109375,USD
^GSPC,1999-05-01,1301.8399658203125,1301.8399658203125,USD
^GSPC,1999-06-01,1372.7099609375,1372.7099609375,USD
^GSPC,1999-07-01,1328.719970703125,1328.719970703125,USD
^GSPC,1999-08-01,1320.4100341796875,1320.4100341796875,USD
^GSPC,1999-09-01,1282.7099609375,1282.7099609375,USD
^GSPC,1999-10-01,1362.9300537109375,1362.9300537109375,USD
^GSPC,1999-11-01,1388.9100341796875,1388.9100341796875,USD
^GSPC,1999-12-01,1469.25,1469.25,USD
^GSPC,2000-01-01,1394.4599609375,1394.4599609375,USD
^GSPC,2000-02-01,1366.4200439453125,1366.4200439453125,USD
^GSPC,2000-03-01,1498.5799560546875,1498.5799560546875,USD
^GSPC,2000-04-01,1452.4300537109375,1452.4300537109375,USD
^GSPC,2000-05-01,1420.5999755859375,1420.5999755859375,USD
^GSPC,2000-06-01,1454.5999755859375,1454.5999755859375,USD
^GSPC,2000-07-01,1430.8299560546875,1430.8299560546875,USD
^GSPC,2000-08-01,1517.6800537109375,1517.6800537109375,USD
^GSPC,2000-09-01,1436.510009765625,1436.510009765625,USD
^GSPC,2000-10-01,1429.4000244140625,1429.4000244140625,USD
^GSPC,2000-11-01,1314.949951171875,1314.949951171875,USD
^GSPC,2000-12-01,1320.280029296875,1320.280029296875,USD
^GSPC,2001-01-01,1366.010009765625,1366.010009765625,USD
^GSPC,2001-02-01,1239.93994140625,1239.93994140625,USD
^GSPC,2001-03-01,1160.3299560546875,1160.3299560546875,USD
^GSPC,2001-04-01,1249.4599609375,1249.4599609375,USD
^GSPC,2001-05-01,1255.8199462890625,1255.8199462890625,USD
^GSPC,2001-06-01,1224.3800048828125,1224.3800048828125,USD
^GSPC,2001-07-01,1211.22998046875,1211.22998046875,USD
^GSPC,2001-08-01,1133.5799560546875,1133.5799560546875,USD
^GSPC,2001-09-01,1040.93994140625,1040.93994140625,USD
^GSPC,2001-10-01,1059.780029296875,1059.780029296875,USD
^GSPC,2001-11-01,1139.449951171875,1139.449951171875,USD
^GSPC,2001-12-01,1148.0799560546875,1148.0799560546875,USD
^GSPC,2002-01-01,1130.199951171875,1130.199951171875,USD
^GSPC,2002-02-01,1106.72998046875,1106.72998046875,USD
^GSPC,2002-03-01,1147.3900146484375,1147.3900146484375,USD
^GSPC,2002-04-01,1076.9200439453125,1076.9200439453125,USD
^GSPC,2002-05-01,1067.1400146484375,1067.1400146484375,USD
^GSPC,2002-06-01,989.8200073242188,989.8200073242188,USD
^GSPC,2002-07-01,911.6199951171875,911.6199951171875,USD
^GSPC,2002-08-01,916.0700073242188,916.0700073242188,USD
^GSPC,2002-09-01,815.280029296875,815.280029296875,USD
^GSPC,2002-10-01,885.760009765625,885.760009765625,USD
^GSPC,2002-11-01,936.3099975585938,936.3099975585938,USD
^GSPC,2002-12-01,879.8200073242188,879.8200073242188,USD
^GSPC,2003-01-01,855.7000122070312,855.7000122070312,USD
^GSPC,2003-02-01,841.1500244140625,841.1500244140625,USD
^GSPC,2003-03-01,848.1799926757812,848.1799926757812,USD
^GSPC,2003-04-01,916.9199829101562,916.9199829101562,USD
^GSPC,2003-05-01,963.5900268554688,963.5900268554688,USD
^GSPC,2003-06-01,974.5,974.5,USD
^GSPC,2003-07-01,990.3099975585938,990.3099975585938,USD
^GSPC,2003-08-01,1008.010009765625,1008.010009765625,USD
^GSPC,2003-09-01,995.969970703125,995.969970703125,USD
^GSPC,2003-10-01,1050.7099609375,1050.7099609375,USD
^GSPC,2003-11-01,1058.199951171875,1058.199951171875,USD
^GSPC,2003-12-01,1111.9200439453125,1111.9200439453125,USD
^GSPC,2004-01-01,1131.1300048828125,1131.1300048828125,USD
^GSPC,2004-02-01,1144.93994140625,1144.93994140625,USD
^GSPC,2004-03-01,1126.2099609375,1126.2099609375,USD
^GSPC,2004-04-01,1107.300048828125,1107.300048828125,USD
^GSPC,2004-05-01,1120.6800537109375,1120.6800537109375,USD
^GSPC,2004-06-01,1140.8399658203125,1140.8399658203125,USD
^GSPC,2004-07-01,1101.719970703125,1101.719970703125,USD
^GSPC,2004-08-01,1104.239990234375,1104.239990234375,USD
^GSPC,2004-09-01,1114.5799560546875,1114.5799560546875,USD
^GSPC,2004-10-01,1130.199951171875,1130.199951171875,USD
^GSPC,2004-11-01,1173.8199462890625,1173.8199462890625,USD
^GSPC,2004-12-01,1211.9200439453125,1211.9200439453125,USD
^GSPC,2005-01-01,1181.27001953125,1181.27001953125,USD
^GSPC,2005-02-01,1203.5999755859375,1203.5999755859375,USD
^GSPC,2005-03-01,1180.5899658203125,1180.5899658203125,USD
^GSPC,2005-04-01,1156.8499755859375,1156.8499755859375,USD
^GSPC,2005-05-01,1191.5,1191.5,USD
^GSPC,2005-06-01,1191.3299560546875,1191.3299560546875,USD
^GSPC,2005-07-01,1234.1800537109375,1234.1800537109375,USD
^GSPC,2005-08-01,1220.3299560546875,1220.3299560546875,USD
^GSPC,2005-09-01,1228.81005859375,1228.81005859375,USD
^GSPC,2005-10-01,1207.010009765625,1207.010009765625,USD
^GSPC,2005-11-01,1249.47998046875,1249.47998046875,USD
^GSPC,2005-12-01,1248.2900390625,1248.2900390625,USD
^GSPC,2006-01-01,1280.0799560546875,1280.0799560546875,USD
^GSPC,2006-02-01,1280.6600341796875,1280.6600341796875,USD
^GSPC,2006-03-01,1294.8699951171875,1294.8699951171875,USD
^GSPC,2006-04-01,1310.6099853515625,1310.6099853515625,USD
^GSPC,2006-05-01,1270.0899658203125,1270.0899658203125,USD
^GSPC,2006-06-01,1270.199951171875,1270.199951171875,USD
^GSPC,2006-07-01,1276.6600341796875,1276.6600341796875,USD
^GSPC,2006-08-01,1303.8199462890625,1303.8199462890625,USD
^GSPC,2006-09-01,1335.8499755859375,1335.8499755859375,USD
^GSPC,2006-10-01,1377.93994140625,1377.93994140625,USD
^GSPC,2006-11-01,1400.6300048828125,1400.6300048828125,USD
^GSPC,2006-12-01,1418.300048828125,1418.300048828125,USD
^GSPC,2007-01-01,1438.239990234375,1438.239990234375,USD
^GSPC,2007-02-01,1406.8199462890625,1406.8199462890625,USD
^GSPC,2007-03-01,1420.8599853515625,1420.8599853515625,USD
^GSPC,2007-04-01,1482.3699951171875,1482.3699951171875,USD
^GSPC,2007-05-01,1530.6199951171875,1530.6199951171875,USD
^GSPC,2007-06-01,1503.3499755859375,1503.3499755859375,USD
^GSPC,2007-07-01,1455.27001953125,1455.27001953125,USD
^GSPC,2007-08-01,1473.989990234375,1473.989990234375,USD
^GSPC,2007-09-01,1526.75,1526.75,USD
^GSPC,2007-10-01,1549.3800048828125,1549.3800048828125,USD
^GSPC,2007-11-01,1481.1400146484375,1481.1400146484375,USD
^GSPC,2007-12-01,1468.3599853515625,1468.3599853515625,USD
^GSPC,2008-01-01,1378.550048828125,1378.550048828125,USD
^GSPC,2008-02-01,1330.6300048828125,1330.6300048828125,USD
^GSPC,2008-03-01,1322.699951171875,1322.699951171875,USD
^GSPC,2008-04-01,1385.5899658203125,1385.5899658203125,USD
^GSPC,2008-05-01,1400.3800048828125,1400.3800048828125,USD
^GSPC,2008-06-01,1280.0,1280.0,USD
^GSPC,2008-07-01,1267.3800048828125,1267.3800048828125,USD
^GSPC,2008-08-01,1282.8299560546875,1282.8299560546875,USD
^GSPC,2008-09-01,1166.3599853515625,1166.3599853515625,USD
^GSPC,2008-10-01,968.75,968.75,USD
^GSPC,2008-11-01,896.239990234375,896.239990234375,USD
^GSPC,2008-12-01,903.25,903.25,USD
^GSPC,2009-01-01,825.8800048828125,825.8800048828125,USD
^GSPC,2009-02-01,735.0900268554688,735.0900268554688,USD
^GSPC,2009-03-01,797.8699951171875,797.8699951171875,USD
^GSPC,2009-04-01,872.8099975585938,872.8099975585938,USD
^GSPC,2009-05-01,919.1400146484375,919.1400146484375,USD
^GSPC,2009-06-01,919.3200073242188,919.3200073242188,USD
^GSPC,2009-07-01,987.47998046875,987.47998046875,USD
^GSPC,2009-08-01,1020.6199951171875,1020.6199951171875,USD
^GSPC,2009-09-01,1057.0799560546875,1057.0799560546875,USD
^GSPC,2009-10-01,1036.18994140625,1036.18994140625,USD
^GSPC,2009-11-01,1095.6300048828125,1095.6300048828125,USD
^GSPC,2009-12-01,1115.0999755859375,1115.0999755859375,USD
^GSPC,2010-01-01,1073.8699951171875,1073.8699951171875,USD
^GSPC,2010-02-01,1104.489990234375,1104.489990234375,USD
^GSPC,2010-03-01,1169.4300537109375,1169.4300537109375,USD
^GSPC,2010-04-01,1186.68994140625,1186.68994140625,USD
^GSPC,2010-05-01,1089.4100341796875,1089.4100341796875,USD
^GSPC,2010-06-01,1030.7099609375,1030.7099609375,USD
^GSPC,2010-07-01,1101.5999755859375,1101.5999755859375,USD
^GSPC,2010-08-01,1049.3299560546875,1049.3299560546875,USD
^GSPC,2010-09-01,1141.199951171875,1141.199951171875,USD
^GSPC,2010-10-01,1183.260009765625,1183.260009765625,USD
^GSPC,2010-11-01,1180.550048828125,1180.550048828125,USD
^GSPC,2010-12-01,1257.6400146484375,1257.6400146484375,USD
^GSPC,2011-01-01,1286.1199951171875,1286.1199951171875,USD
^GSPC,2011-02-01,1327.219970703125,1327.219970703125,USD
^GSPC,2011-03-01,1325.8299560546875,1325.8299560546875,USD
^GSPC,2011-04-01,1363.6099853515625,1363.6099853515625,USD
^GSPC,2011-05-01,1345.199951171875,1345.199951171875,USD
^GSPC,2011-06-01,1320.6400146484375,1320.6400146484375,USD
^GSPC,2011-07-01,1292.280029296875,1292.280029296875,USD
^GSPC,2011-08-01,1218.8900146484375,1218.8900146484375,USD
^GSPC,2011-09-01,1131.4200439453125,1131.4200439453125,USD
^GSPC,2011-10-01,1253.300048828125,1253.300048828125,USD
^GSPC,2011-11-01,1246.9599609375,1246.9599609375,USD
^GSPC,2011-12-01,1257.5999755859375,1257.5999755859375,USD
^GSPC,2012-01-01,1312.4100341796875,1312.4100341796875,USD
^GSPC,2012-02-01,1365.6800537109375,1365.6800537109375,USD
^GSPC,2012-03-01,1408.469970703125,1408.469970703125,USD
^GSPC,2012-04-01,1397.9100341796875,1397.9100341796875,USD
^GSPC,2012-05-01,1310.3299560546875,1310.3299560546875,USD
^GSPC,2012-06-01,1362.1600341796875,1362.1600341796875,USD
^GSPC,2012-07-01,1379.3199462890625,1379.3199462890625,USD
^GSPC,2012-08-01,1406.5799560546875,1406.5799560546875,USD
^GSPC,2012-09-01,1440.6700439453125,1440.6700439453125,USD
^GSPC,2012-10-01,1412.1600341796875,1412.1600341796875,USD
^GSPC,2012-11-01,1416.1800537109375,1416.1800537109375,USD
^GSPC,2012-12-01,1426.18994140625,1426.18994140625,USD
^GSPC,2013-01-01,1498.1099853515625,1498.1099853515625,USD
^GSPC,2013-02-01,1514.6800537109375,1514.6800537109375,USD
^GSPC,2013-03-01,1569.18994140625,1569.18994140625,USD
^GSPC,2013-04-01,1597.5699462890625,1597.5699462890625,USD
^GSPC,2013-05-01,1630.739990234375,1630.739990234375,USD
^GSPC,2013-06-01,1606.280029296875,1606.280029296875,USD
^GSPC,2013-07-01,1685.72998046875,1685.72998046875,USD
^GSPC,2013-08-01,1632.969970703125,1632.969970703125,USD
^GSPC,2013-09-01,1681.550048828125,1681.550048828125,USD
^GSPC,2013-10-01,1756.5400390625,1756.5400390625,USD
^GSPC,2013-11-01,1805.81005859375,1805.81005859375,USD
^GSPC,2013-12-01,1848.3599853515625,1848.3599853515625,USD
^GSPC,2014-01-01,1782.5899658203125,1782.5899658203125,USD
^GSPC,2014-02-01,1859.449951171875,1859.449951171875,USD
^GSPC,2014-03-01,1872.3399658203125,1872.3399658203125,USD
^GSPC,2014-04-01,1883.949951171875,1883.949951171875,USD
^GSPC,2014-05-01,1923.5699462890625,1923.5699462890625,USD
^GSPC,2014-06-01,1960.22998046875,1960.22998046875,USD
^GSPC,2014-07-01,1930.6700439453125,1930.6700439453125,USD
^GSPC,2014-08-01,2003.3699951171875,2003.3699951171875,USD
^GSPC,2014-09-01,1972.2900390625,1972.2900390625,USD
^GSPC,2014-10-01,2018.050048828125,2018.050048828125,USD
^GSPC,2014-11-01,2067.56005859375,2067.56005859375,USD
^GSPC,2014-12-01,2058.89990234375,2058.89990234375,USD
^GSPC,2015-01-01,1994.989990234375,1994.989990234375,USD
^GSPC,2015-02-01,2104.5,2104.5,USD
^GSPC,2015-03-01,2067.889892578125,2067.889892578125,USD
^GSPC,2015-04-01,2085.510009765625,2085.510009765625,USD
^GSPC,2015-05-01,2107.389892578125,2107.389892578125,USD
^GSPC,2015-06-01,2063.110107421875,2063.110107421875,USD
^GSPC,2015-07-01,2103.840087890625,2103.840087890625,USD
^GSPC,2015-08-01,1972.1800537109375,1972.1800537109375,USD
^GSPC,2015-09-01,1920.030029296875,1920.030029296875,USD
^GSPC,2015-10-01,2079.360107421875,2079.360107421875,USD
^GSPC,2015-11-01,2080.409912109375,2080.409912109375,USD
^GSPC,2015-12-01,2043.93994140625,2043.93994140625,USD
^GSPC,2016-01-01,1940.239990234375,1940.239990234375,USD
^GSPC,2016-02-01,1932.22998046875,1932.22998046875,USD
^GSPC,2016-03-01,2059.739990234375,2059.739990234375,USD
^GSPC,2016-04-01,2065.300048828125,2065.300048828125,USD
^GSPC,2016-05-01,2096.949951171875,2096.949951171875,USD
^GSPC,2016-06-01,2098.860107421875,2098.860107421875,USD
^GSPC,2016-07-01,2173.60009765625,2173.60009765625,USD
^GSPC,2016-08-01,2170.949951171875,2170.949951171875,USD
^GSPC,2016-09-01,2168.27001953125,2168.27001953125,USD
^GSPC,2016-10-01,2126.14990234375,2126.14990234375,USD
^GSPC,2016-11-01,2198.81005859375,2198.81005859375,USD
^GSPC,2016-12-01,2238.830078125,2238.830078125,USD
^GSPC,2017-01-01,2278.8701171875,2278.8701171875,USD
^GSPC,2017-02-01,2363.639892578125,2363.639892578125,USD
^GSPC,2017-03-01,2362.719970703125,2362.719970703125,USD
^GSPC,2017-04-01,2384.199951171875,2384.199951171875,USD
^GSPC,2017-05-01,2411.800048828125,2411.800048828125,USD
^GSPC,2017-06-01,2423.409912109375,2423.409912109375,USD
^GSPC,2017-07-01,2470.300048828125,2470.300048828125,USD
^GSPC,2017-08-01,2471.64990234375,2471.64990234375,USD
^GSPC,2017-09-01,2519.360107421875,2519.360107421875,USD
^GSPC,2017-10-01,2575.260009765625,2575.260009765625,USD
^GSPC,2017-11-01,2647.580078125,2647.580078125,USD
^GSPC,2017-12-01,2673.610107421875,2673.610107421875,USD
^GSPC,2018-01-01,2823.81005859375,2823.81005859375,USD
^GSPC,2018-02-01,2713.830078125,2713.830078125,USD
^GSPC,2018-03-01,2640.8701171875,2640.8701171875,USD
^GSPC,2018-04-01,2648.050048828125,2648.050048828125,USD
^GSPC,2018-05-01,2705.27001953125,2705.27001953125,USD
^GSPC,2018-06-01,2718.3701171875,2718.3701171875,USD
^GSPC,2018-07-01,2816.2900390625,2816.2900390625,USD
^GSPC,2018-08-01,2901.52001953125,2901.52001953125,USD
^GSPC,2018-09-01,2913.97998046875,2913.97998046875,USD
^GSPC,2018-10-01,2711.739990234375,2711.739990234375,USD
^GSPC,2018-11-01,2760.169921875,2760.169921875,USD
^GSPC,2018-12-01,2506.85009765625,2506.85009765625,USD
^GSPC,2019-01-01,2704.10009765625,2704.10009765625,USD
^GSPC,2019-02-01,2784.489990234375,2784.489990234375,USD
^GSPC,2019-03-01,2834.39990234375,2834.39990234375,USD
^GSPC,2019-04-01,2945.830078125,2945.830078125,USD
^GSPC,2019-05-01,2752.06005859375,2752.06005859375,USD
^GSPC,2019-06-01,2941.760009765625,2941.760009765625,USD
^GSPC,2019-07-01,2980.3798828125,2980.3798828125,USD
^GSPC,2019-08-01,2926.4599609375,2926.4599609375,USD
^GSPC,2019-09-01,2976.739990234375,2976.739990234375,USD
^GSPC,2019-10-01,3037.56005859375,3037.56005859375,USD
^GSPC,2019-11-01,3140.97998046875,3140.97998046875,USD
^GSPC,2019-12-01,3230.780029296875,3230.780029296875,USD
^GSPC,2020-01-01,3225.52001953125,3225.52001953125,USD
^GSPC,2020-02-01,2954.219970703125,2954.219970703125,USD
^GSPC,2020-03-01,2584.590087890625,2584.590087890625,USD
^GSPC,2020-04-01,2912.429931640625,2912.429931640625,USD
^GSPC,2020-05-01,3044.31005859375,3044.31005859375,USD
^GSPC,2020-06-01,3100.2900390625,3100.2900390625,USD
^GSPC,2020-07-01,3271.1201171875,3271.1201171875,USD
^GSPC,2020-08-01,3500.31005859375,3500.31005859375,USD
^GSPC,2020-09-01,3363.0,3363.0,USD
^GSPC,2020-10-01,3269.9599609375,3269.9599609375,USD
^GSPC,2020-11-01,3621.6298828125,3621.6298828125,USD
^GSPC,2020-12-01,3756.070068359375,3756.070068359375,USD
^GSPC,2021-01-01,3714.239990234375,3714.239990234375,USD
^GSPC,2021-02-01,3811.14990234375,3811.14990234375,USD
^GSPC,2021-03-01,3972.889892578125,3972.889892578125,USD
^GSPC,2021-04-01,4181.169921875,4181.169921875,USD
^GSPC,2021-05-01,4204.10986328125,4204.10986328125,USD
^GSPC,2021-06-01,4297.5,4297.5,USD
^GSPC,2021-07-01,4395.259765625,4395.259765625,USD
^GSPC,2021-08-01,4522.68017578125,4522.68017578125,USD
^GSPC,2021-09-01,4307.5400390625,4307.5400390625,USD
^GSPC,2021-10-01,4605.3798828125,4605.3798828125,USD
^GSPC,2021-11-01,4567.0,4567.0,USD
^GSPC,2021-12-01,4766.18017578125,4766.18017578125,USD
^GSPC,2022-01-01,4515.5498046875,4515.5498046875,USD
^GSPC,2022-02-01,4373.93994140625,4373.93994140625,USD
^GSPC,2022-03-01,4530.41015625,4530.41015625,USD
^GSPC,2022-04-01,4131.93017578125,4131.93017578125,USD
^GSPC,2022-05-01,4132.14990234375,4132.14990234375,USD
^GSPC,2022-06-01,3785.3798828125,3785.3798828125,USD
^GSPC,2022-07-01,4130.2900390625,4130.2900390625,USD
^GSPC,2022-08-01,3955.0,3955.0,USD
^GSPC,2022-09-01,3585.6201171875,3585.6201171875,USD
^GSPC,2022-10-01,3871.97998046875,3871.97998046875,USD
^GSPC,2022-11-01,4080.110107421875,4080.110107421875,USD
^GSPC,2022-12-01,3839.5,3839.5,USD
^GSPC,2023-01-01,4076.60009765625,4076.60009765625,USD
^GSPC,2023-02-01,3970.14990234375,3970.14990234375,USD
^GSPC,2023-03-01,4109.31005859375,4109.31005859375,USD
^GSPC,2023-04-01,4169.47998046875,4169.47998046875,USD
^GSPC,2023-05-01,4179.830078125,4179.830078125,USD
^GSPC,2023-06-01,4450.3798828125,4450.3798828125,USD
^GSPC,2023-07-01,4588.9599609375,4588.9599609375,USD
^GSPC,2023-08-01,4507.66015625,4507.66015625,USD
^GSPC,2023-09-01,4288.0498046875,4288.0498046875,USD
^GSPC,2023-10-01,4193.7998046875,4193.7998046875,USD
^GSPC,2023-11-01,4567.7998046875,4567.7998046875,USD
^GSPC,2023-12-01,4769.830078125,4769.830078125,USD
^GSPC,2024-01-01,4845.64990234375,4845.64990234375,USD
^GSPC,2024-02-01,5096.27001953125,5096.27001953125,USD
^GSPC,2024-03-01,5254.35009765625,5254.35009765625,USD
^GSPC,2024-04-01,5035.68994140625,5035.68994140625,USD
^GSPC,2024-05-01,5277.509765625,5277.509765625,USD
^GSPC,2024-06-01,5460.47998046875,5460.47998046875,USD
^GSPC,2024-07-01,5522.2998046875,5522.2998046875,USD
^GSPC,2024-08-01,5648.39990234375,5648.39990234375,USD
^GSPC,2024-09-01,5762.47998046875,5762.47998046875,USD
^GSPC,2024-10-01,5705.4501953125,5705.4501953125,USD
^GSPC,2024-11-01,6032.3798828125,6032.3798828125,USD
^GSPC,2024-12-01,5881.6298828125,5881.6298828125,USD
^GSPC,2025-01-01,6040.52978515625,6040.52978515625,USD
^GSPC,2025-02-01,5954.5,5954.5,USD
^GSPC,2025-03-01,5611.85009765625,5611.85009765625,USD
^GSPC,2025-04-01,5569.06005859375,5569.06005859375,USD
^GSPC,2025-05-01,5911.68994140625,5911.68994140625,USD
^GSPC,2025-06-01,6204.9501953125,6204.9501953125,USD
^GSPC,2025-07-01,6339.39013671875,6339.39013671875,USD
^GSPC,2025-08-01,6460.259765625,6460.259765625,USD
^GSPC,2025-09-01,6688.4599609375,6688.4599609375,USD
^GSPC,2025-10-01,6840.2001953125,6840.2001953125,USD
^GSPC,2025-11-01,6849.08984375,6849.08984375,USD
^GSPC,2025-12-01,6845.5,6845.5,USD
^GSPC,2026-01-01,6939.02978515625,6939.02978515625,USD
^GSPC,2026-02-01,6878.8798828125,6878.8798828125,USD
^GSPC,2026-03-01,6528.52001953125,6528.52001953125,USD
^GSPC,2026-04-01,7209.009765625,7209.009765625,USD
^GSPC,2026-05-01,7580.06005859375,7580.06005859375,USD
^GSPC,2026-06-01,7499.35986328125,7499.35986328125,USD
^GSPC,2026-07-01,7489.72021484375,7489.72021484375,USD
^GSPC,2026-08-01,7686.14013671875,7686.14013671875,USD
^GSPC,2026-09-01,7706.02978515625,7706.02978515625,USD
^STOXX,2004-03-31,239.0500030517578,239.0500030517578,EUR
^STOXX,2004-04-30,236.92999267578125,236.92999267578125,EUR
^STOXX,2004-05-31,240.86000061035156,240.86000061035156,EUR
^STOXX,2004-06-30,236.39999389648438,236.39999389648438,EUR
^STOXX,2004-07-31,233.6300048828125,233.6300048828125,EUR
^STOXX,2004-08-31,237.74000549316406,237.74000549316406,EUR
^STOXX,2004-09-30,240.3000030517578,240.3000030517578,EUR
^STOXX,2004-10-31,246.50999450683594,246.50999450683594,EUR
^STOXX,2004-11-30,251.02000427246094,251.02000427246094,EUR
^STOXX,2004-12-31,256.8500061035156,256.8500061035156,EUR
^STOXX,2005-01-31,264.2900085449219,264.2900085449219,EUR
^STOXX,2005-02-28,262.19000244140625,262.19000244140625,EUR
^STOXX,2005-03-31,256.05999755859375,256.05999755859375,EUR
^STOXX,2005-04-30,267.2900085449219,267.2900085449219,EUR
^STOXX,2005-05-31,275.9200134277344,275.9200134277344,EUR
^STOXX,2005-06-30,285.0299987792969,285.0299987792969,EUR
^STOXX,2005-07-31,284.82000732421875,284.82000732421875,EUR
^STOXX,2005-08-31,297.3999938964844,297.3999938964844,EUR
^STOXX,2005-09-30,290.2900085449219,290.2900085449219,EUR
^STOXX,2005-10-31,299.4700012207031,299.4700012207031,EUR
^STOXX,2005-11-30,310.0299987792969,310.0299987792969,EUR
^STOXX,2005-12-31,321.0400085449219,321.0400085449219,EUR
^STOXX,2006-01-31,327.8800048828125,327.8800048828125,EUR
^STOXX,2006-02-28,334.44000244140625,334.44000244140625,EUR
^STOXX,2006-03-31,336.4800109863281,336.4800109863281,EUR
^STOXX,2006-04-30,318.8599853515625,318.8599853515625,EUR
^STOXX,2006-05-31,320.6600036621094,320.6600036621094,EUR
^STOXX,2006-06-30,326.0400085449219,326.0400085449219,EUR
^STOXX,2006-07-31,334.7300109863281,334.7300109863281,EUR
^STOXX,2006-08-31,341.42999267578125,341.42999267578125,EUR
^STOXX,2006-09-30,353.3399963378906,353.3399963378906,EUR
^STOXX,2006-10-31,351.7799987792969,351.7799987792969,EUR
^STOXX,2006-11-30,365.260009765625,365.260009765625,EUR
^STOXX,2006-12-31,372.7200012207031,372.7200012207031,EUR
^STOXX,2007-01-31,365.0299987792969,365.0299987792969,EUR
^STOXX,2007-02-28,374.2200012207031,374.2200012207031,EUR
^STOXX,2007-03-31,386.92999267578125,386.92999267578125,EUR
^STOXX,2007-04-30,396.739990234375,396.739990234375,EUR
^STOXX,2007-05-31,393.7099914550781,393.7099914550781,EUR
^STOXX,2007-06-30,380.07000732421875,380.07000732421875,EUR
^STOXX,2007-07-31,375.94000244140625,375.94000244140625,EUR
^STOXX,2007-08-31,377.8599853515625,377.8599853515625,EUR
^STOXX,2007-09-30,388.42999267578125,388.42999267578125,EUR
^STOXX,2007-10-31,370.3599853515625,370.3599853515625,EUR
^STOXX,2007-11-30,364.6400146484375,364.6400146484375,EUR
^STOXX,2007-12-31,322.1600036621094,322.1600036621094,EUR
^STOXX,2008-01-31,318.95001220703125,318.95001220703125,EUR
^STOXX,2008-02-29,305.9599914550781,305.9599914550781,EUR
^STOXX,2008-03-31,323.0899963378906,323.0899963378906,EUR
^STOXX,2008-04-30,322.1199951171875,322.1199951171875,EUR
^STOXX,2008-05-31,289.3900146484375,289.3900146484375,EUR
^STOXX,2008-06-30,283.760009765625,283.760009765625,EUR
^STOXX,2008-07-31,288.17999267578125,288.17999267578125,EUR
^STOXX,2008-08-31,256.04998779296875,256.04998779296875,EUR
^STOXX,2008-09-30,222.07000732421875,222.07000732421875,EUR
^STOXX,2008-10-31,206.25,206.25,EUR
^STOXX,2008-11-30,196.89999389648438,196.89999389648438,EUR
^STOXX,2008-12-31,191.22999572753906,191.22999572753906,EUR
^STOXX,2009-01-31,172.9199981689453,172.9199981689453,EUR
^STOXX,2009-02-28,176.4600067138672,176.4600067138672,EUR
^STOXX,2009-03-31,200.22999572753906,200.22999572753906,EUR
^STOXX,2009-04-30,208.2100067138672,208.2100067138672,EUR
^STOXX,2009-05-31,205.8300018310547,205.8300018310547,EUR
^STOXX,2009-06-30,224.91000366210938,224.91000366210938,EUR
^STOXX,2009-07-31,235.6199951171875,235.6199951171875,EUR
^STOXX,2009-08-31,242.47000122070312,242.47000122070312,EUR
^STOXX,2009-09-30,236.92999267578125,236.92999267578125,EUR
^STOXX,2009-10-31,239.1699981689453,239.1699981689453,EUR
^STOXX,2009-11-30,253.16000366210938,253.16000366210938,EUR
^STOXX,2009-12-31,246.9600067138672,246.9600067138672,EUR
^STOXX,2010-01-31,245.8000030517578,245.8000030517578,EUR
^STOXX,2010-02-28,263.57000732421875,263.57000732421875,EUR
^STOXX,2010-03-31,259.9100036621094,259.9100036621094,EUR
^STOXX,2010-04-30,244.97000122070312,244.97000122070312,EUR
^STOXX,2010-05-31,243.32000732421875,243.32000732421875,EUR
^STOXX,2010-06-30,255.35000610351562,255.35000610351562,EUR
^STOXX,2010-07-31,251.30999755859375,251.30999755859375,EUR
^STOXX,2010-08-31,259.7200012207031,259.7200012207031,EUR
^STOXX,2010-09-30,265.9599914550781,265.9599914550781,EUR
^STOXX,2010-10-31,261.8299865722656,261.8299865722656,EUR
^STOXX,2010-11-30,275.80999755859375,275.80999755859375,EUR
^STOXX,2010-12-31,280.04998779296875,280.04998779296875,EUR
^STOXX,2011-01-31,286.4700012207031,286.4700012207031,EUR
^STOXX,2011-02-28,275.8999938964844,275.8999938964844,EUR
^STOXX,2011-03-31,283.7799987792969,283.7799987792969,EUR
^STOXX,2011-04-30,279.04998779296875,279.04998779296875,EUR
^STOXX,2011-05-31,272.8599853515625,272.8599853515625,EUR
^STOXX,2011-06-30,265.25,265.25,EUR
^STOXX,2011-07-31,237.42999267578125,237.42999267578125,EUR
^STOXX,2011-08-31,226.17999267578125,226.17999267578125,EUR
^STOXX,2011-09-30,243.47999572753906,243.47999572753906,EUR
^STOXX,2011-10-31,240.0800018310547,240.0800018310547,EUR
^STOXX,2011-11-30,244.5399932861328,244.5399932861328,EUR
^STOXX,2011-12-31,254.41000366210938,254.41000366210938,EUR
^STOXX,2012-01-31,264.32000732421875,264.32000732421875,EUR
^STOXX,2012-02-29,263.32000732421875,263.32000732421875,EUR
^STOXX,2012-03-31,257.2799987792969,257.2799987792969,EUR
^STOXX,2012-04-30,239.72999572753906,239.72999572753906,EUR
^STOXX,2012-05-31,251.1699981689453,251.1699981689453,EUR
^STOXX,2012-06-30,261.3800048828125,261.3800048828125,EUR
^STOXX,2012-07-31,266.2300109863281,266.2300109863281,EUR
^STOXX,2012-08-31,268.4800109863281,268.4800109863281,EUR
^STOXX,2012-09-30,270.29998779296875,270.29998779296875,EUR
^STOXX,2012-10-31,275.7799987792969,275.7799987792969,EUR
^STOXX,2012-11-30,279.67999267578125,279.67999267578125,EUR
^STOXX,2012-12-31,287.2200012207031,287.2200012207031,EUR
^STOXX,2013-01-31,289.94000244140625,289.94000244140625,EUR
^STOXX,2013-02-28,293.7799987792969,293.7799987792969,EUR
^STOXX,2013-03-31,296.7200012207031,296.7200012207031,EUR
^STOXX,2013-04-30,300.8800048828125,300.8800048828125,EUR
^STOXX,2013-05-31,285.0199890136719,285.0199890136719,EUR
^STOXX,2013-06-30,299.5799865722656,299.5799865722656,EUR
^STOXX,2013-07-31,297.32000732421875,297.32000732421875,EUR
^STOXX,2013-08-31,310.4599914550781,310.4599914550781,EUR
^STOXX,2013-09-30,322.3699951171875,322.3699951171875,EUR
^STOXX,2013-10-31,325.1600036621094,325.1600036621094,EUR
^STOXX,2013-11-30,328.260009765625,328.260009765625,EUR
^STOXX,2013-12-31,322.5199890136719,322.5199890136719,EUR
^STOXX,2014-01-31,338.0199890136719,338.0199890136719,EUR
^STOXX,2014-02-28,334.30999755859375,334.30999755859375,EUR
^STOXX,2014-03-31,337.8900146484375,337.8900146484375,EUR
^STOXX,2014-04-30,344.239990234375,344.239990234375,EUR
^STOXX,2014-05-31,341.8599853515625,341.8599853515625,EUR
^STOXX,2014-06-30,335.989990234375,335.989990234375,EUR
^STOXX,2014-07-31,342.0,342.0,EUR
^STOXX,2014-08-31,343.0799865722656,343.0799865722656,EUR
^STOXX,2014-09-30,336.79998779296875,336.79998779296875,EUR
^STOXX,2014-10-31,347.25,347.25,EUR
^STOXX,2014-11-30,342.5400085449219,342.5400085449219,EUR
^STOXX,2014-12-31,367.04998779296875,367.04998779296875,EUR
^STOXX,2015-01-31,392.2099914550781,392.2099914550781,EUR
^STOXX,2015-02-28,397.29998779296875,397.29998779296875,EUR
^STOXX,2015-03-31,395.7900085449219,395.7900085449219,EUR
^STOXX,2015-04-30,399.8699951171875,399.8699951171875,EUR
^STOXX,2015-05-31,381.30999755859375,381.30999755859375,EUR
^STOXX,2015-06-30,396.3699951171875,396.3699951171875,EUR
^STOXX,2015-07-31,362.7900085449219,362.7900085449219,EUR
^STOXX,2015-08-31,347.7699890136719,347.7699890136719,EUR
^STOXX,2015-09-30,375.4700012207031,375.4700012207031,EUR
^STOXX,2015-10-31,385.42999267578125,385.42999267578125,EUR
^STOXX,2015-11-30,365.80999755859375,365.80999755859375,EUR
^STOXX,2015-12-31,342.2699890136719,342.2699890136719,EUR
^STOXX,2016-01-31,333.9200134277344,333.9200134277344,EUR
^STOXX,2016-02-29,337.5400085449219,337.5400085449219,EUR
^STOXX,2016-03-31,341.4800109863281,341.4800109863281,EUR
^STOXX,2016-04-30,347.45001220703125,347.45001220703125,EUR
^STOXX,2016-05-31,329.8800048828125,329.8800048828125,EUR
^STOXX,2016-06-30,341.8900146484375,341.8900146484375,EUR
^STOXX,2016-07-31,343.5299987792969,343.5299987792969,EUR
^STOXX,2016-08-31,342.9200134277344,342.9200134277344,EUR
^STOXX,2016-09-30,338.9700012207031,338.9700012207031,EUR
^STOXX,2016-10-31,341.989990234375,341.989990234375,EUR
^STOXX,2016-11-30,361.4200134277344,361.4200134277344,EUR
^STOXX,2016-12-31,360.1199951171875,360.1199951171875,EUR
^STOXX,2017-01-31,370.239990234375,370.239990234375,EUR
^STOXX,2017-02-28,381.1400146484375,381.1400146484375,EUR
^STOXX,2017-03-31,387.0899963378906,387.0899963378906,EUR
^STOXX,2017-04-30,389.989990234375,389.989990234375,EUR
^STOXX,2017-05-31,379.3699951171875,379.3699951171875,EUR
^STOXX,2017-06-30,377.8500061035156,377.8500061035156,EUR
^STOXX,2017-07-31,373.8800048828125,373.8800048828125,EUR
^STOXX,2017-08-31,388.1600036621094,388.1600036621094,EUR
^STOXX,2017-09-30,395.2200012207031,395.2200012207031,EUR
^STOXX,2017-10-31,386.69000244140625,386.69000244140625,EUR
^STOXX,2017-11-30,389.17999267578125,389.17999267578125,EUR
^STOXX,2017-12-31,395.4599914550781,395.4599914550781,EUR
^STOXX,2018-01-31,379.6300048828125,379.6300048828125,EUR
^STOXX,2018-02-28,370.8699951171875,370.8699951171875,EUR
^STOXX,2018-03-31,385.32000732421875,385.32000732421875,EUR
^STOXX,2018-04-30,383.05999755859375,383.05999755859375,EUR
^STOXX,2018-05-31,379.92999267578125,379.92999267578125,EUR
^STOXX,2018-06-30,391.6099853515625,391.6099853515625,EUR
^STOXX,2018-07-31,382.260009765625,382.260009765625,EUR
^STOXX,2018-08-31,383.17999267578125,383.17999267578125,EUR
^STOXX,2018-09-30,361.6099853515625,361.6099853515625,EUR
^STOXX,2018-10-31,357.489990234375,357.489990234375,EUR
^STOXX,2018-11-30,337.6499938964844,337.6499938964844,EUR
^STOXX,2018-12-31,358.6700134277344,358.6700134277344,EUR
^STOXX,2019-01-31,372.79998779296875,372.79998779296875,EUR
^STOXX,2019-02-28,379.0899963378906,379.0899963378906,EUR
^STOXX,2019-03-31,391.3500061035156,391.3500061035156,EUR
^STOXX,2019-04-30,369.05999755859375,369.05999755859375,EUR
^STOXX,2019-05-31,384.8699951171875,384.8699951171875,EUR
^STOXX,2019-06-30,385.7699890136719,385.7699890136719,EUR
^STOXX,2019-07-31,379.4800109863281,379.4800109863281,EUR
^STOXX,2019-08-31,393.1499938964844,393.1499938964844,EUR
^STOXX,2019-09-30,396.75,396.75,EUR
^STOXX,2019-10-31,407.42999267578125,407.42999267578125,EUR
^STOXX,2019-11-30,415.8399963378906,415.8399963378906,EUR
^STOXX,2019-12-31,410.7099914550781,410.7099914550781,EUR
^STOXX,2020-01-31,375.6499938964844,375.6499938964844,EUR
^STOXX,2020-02-29,320.05999755859375,320.05999755859375,EUR
^STOXX,2020-03-31,340.0299987792969,340.0299987792969,EUR
^STOXX,2020-04-30,350.3599853515625,350.3599853515625,EUR
^STOXX,2020-05-31,360.3399963378906,360.3399963378906,EUR
^STOXX,2020-06-30,356.3299865722656,356.3299865722656,EUR
^STOXX,2020-07-31,366.510009765625,366.510009765625,EUR
^STOXX,2020-08-31,361.0899963378906,361.0899963378906,EUR
^STOXX,2020-09-30,342.3599853515625,342.3599853515625,EUR
^STOXX,2020-10-31,389.3599853515625,389.3599853515625,EUR
^STOXX,2020-11-30,399.0299987792969,399.0299987792969,EUR
^STOXX,2020-12-31,395.8500061035156,395.8500061035156,EUR
^STOXX,2021-01-31,404.989990234375,404.989990234375,EUR
^STOXX,2021-02-28,429.6000061035156,429.6000061035156,EUR
^STOXX,2021-03-31,437.3900146484375,437.3900146484375,EUR
^STOXX,2021-04-30,446.760009765625,446.760009765625,EUR
^STOXX,2021-05-31,452.8399963378906,452.8399963378906,EUR
^STOXX,2021-06-30,461.739990234375,461.739990234375,EUR
^STOXX,2021-07-31,470.8800048828125,470.8800048828125,EUR
^STOXX,2021-08-31,454.80999755859375,454.80999755859375,EUR
^STOXX,2021-09-30,475.510009765625,475.510009765625,EUR
^STOXX,2021-10-31,462.9599914550781,462.9599914550781,EUR
^STOXX,2021-11-30,487.79998779296875,487.79998779296875,EUR
^STOXX,2021-12-31,468.8800048828125,468.8800048828125,EUR
^STOXX,2022-01-31,453.1099853515625,453.1099853515625,EUR
^STOXX,2022-02-28,455.8599853515625,455.8599853515625,EUR
^STOXX,2022-03-31,450.3900146484375,450.3900146484375,EUR
^STOXX,2022-04-30,443.3500061035156,443.3500061035156,EUR
^STOXX,2022-05-31,407.20001220703125,407.20001220703125,EUR
^STOXX,2022-06-30,438.2900085449219,438.2900085449219,EUR
^STOXX,2022-07-31,415.1199951171875,415.1199951171875,EUR
^STOXX,2022-08-31,387.8500061035156,387.8500061035156,EUR
^STOXX,2022-09-30,412.20001220703125,412.20001220703125,EUR
^STOXX,2022-10-31,440.0400085449219,440.0400085449219,EUR
^STOXX,2022-11-30,424.8900146484375,424.8900146484375,EUR
^STOXX,2022-12-31,453.2099914550781,453.2099914550781,EUR
^STOXX,2023-01-31,461.1099853515625,461.1099853515625,EUR
^STOXX,2023-02-28,457.8399963378906,457.8399963378906,EUR
^STOXX,2023-03-31,466.6400146484375,466.6400146484375,EUR
^STOXX,2023-04-30,451.760009765625,451.760009765625,EUR
^STOXX,2023-05-31,461.92999267578125,461.92999267578125,EUR
^STOXX,2023-06-30,471.3500061035156,471.3500061035156,EUR
^STOXX,2023-07-31,458.19000244140625,458.19000244140625,EUR
^STOXX,2023-08-31,450.2200012207031,450.2200012207031,EUR
^STOXX,2023-09-30,433.6600036621094,433.6600036621094,EUR
^STOXX,2023-10-31,461.6099853515625,461.6099853515625,EUR
^STOXX,2023-11-30,479.0199890136719,479.0199890136719,EUR
^STOXX,2023-12-31,485.6700134277344,485.6700134277344,EUR
^STOXX,2024-01-31,494.6099853515625,494.6099853515625,EUR
^STOXX,2024-02-29,512.6699829101562,512.6699829101562,EUR
^STOXX,2024-03-31,504.8900146484375,504.8900146484375,EUR
^STOXX,2024-04-30,518.1699829101562,518.1699829101562,EUR
^STOXX,2024-05-31,511.4200134277344,511.4200134277344,EUR
^STOXX,2024-06-30,518.1799926757812,518.1799926757812,EUR
^STOXX,2024-07-31,525.0499877929688,525.0499877929688,EUR
^STOXX,2024-08-31,522.8900146484375,522.8900146484375,EUR
^STOXX,2024-09-30,505.3900146484375,505.3900146484375,EUR
^STOXX,2024-10-31,510.25,510.25,EUR
^STOXX,2024-11-30,507.6199951171875,507.6199951171875,EUR
^STOXX,2024-12-31,539.530029296875,539.530029296875,EUR
^STOXX,2025-01-31,557.1900024414062,557.1900024414062,EUR
^STOXX,2025-02-28,533.9199829101562,533.9199829101562,EUR
^STOXX,2025-03-31,527.47998046875,527.47998046875,EUR
^STOXX,2025-04-30,548.6699829101562,548.6699829101562,EUR
^STOXX,2025-05-31,541.3699951171875,541.3699951171875,EUR
^STOXX,2025-06-30,546.1099853515625,546.1099853515625,EUR
^STOXX,2025-07-31,550.1400146484375,550.1400146484375,EUR
^STOXX,2025-08-31,558.1799926757812,558.1799926757812,EUR
^STOXX,2025-09-30,571.8900146484375,571.8900146484375,EUR
^STOXX,2025-10-31,576.4299926757812,576.4299926757812,EUR
^STOXX,2025-11-30,592.1900024414062,592.1900024414062,EUR
^STOXX,2025-12-31,611.0,611.0,EUR
^STOXX,2026-01-31,633.8499755859375,633.8499755859375,EUR
^STOXX,2026-02-28,583.1400146484375,583.1400146484375,EUR
^STOXX,2026-03-31,611.280029296875,611.280029296875,EUR
^STOXX,2026-04-30,626.0,626.0,EUR
^STOXX,2026-05-31,641.72998046875,641.72998046875,EUR
^STOXX,2026-06-30,649.1900024414062,649.1900024414062,EUR
^STOXX,2026-07-31,651.0999755859375,651.0999755859375,EUR
^STOXX,2026-08-31,639.9199829101562,639.9199829101562,EUR
IWDA.AS,2009-08-31,16.989999771118164,16.989999771118164,EUR
IWDA.AS,2009-09-30,16.520000457763672,16.520000457763672,EUR
IWDA.AS,2009-10-31,16.860000610351562,16.860000610351562,EUR
IWDA.AS,2009-11-30,18.06999969482422,18.06999969482422,EUR
IWDA.AS,2009-12-31,17.940000534057617,17.940000534057617,EUR
IWDA.AS,2010-01-31,18.3799991607666,18.3799991607666,EUR
IWDA.AS,2010-02-28,19.65999984741211,19.65999984741211,EUR
IWDA.AS,2010-03-31,20.09000015258789,20.09000015258789,EUR
IWDA.AS,2010-04-30,19.549999237060547,19.549999237060547,EUR
IWDA.AS,2010-05-31,19.010000228881836,19.010000228881836,EUR
IWDA.AS,2010-06-30,19.209999084472656,19.209999084472656,EUR
IWDA.AS,2010-07-31,19.014999389648438,19.014999389648438,EUR
IWDA.AS,2010-08-31,19.295000076293945,19.295000076293945,EUR
IWDA.AS,2010-09-30,19.56999969482422,19.56999969482422,EUR
IWDA.AS,2010-10-31,20.440000534057617,20.440000534057617,EUR
IWDA.AS,2010-11-30,21.3700008392334,21.3700008392334,EUR
IWDA.AS,2010-12-31,21.329999923706055,21.329999923706055,EUR
IWDA.AS,2011-01-31,21.889999389648438,21.889999389648438,EUR
IWDA.AS,2011-02-28,21.059999465942383,21.059999465942383,EUR
IWDA.AS,2011-03-31,21.014999389648438,21.014999389648438,EUR
IWDA.AS,2011-04-30,21.19499969482422,21.19499969482422,EUR
IWDA.AS,2011-05-31,20.729999542236328,20.729999542236328,EUR
IWDA.AS,2011-06-30,20.594999313354492,20.594999313354492,EUR
IWDA.AS,2011-07-31,19.1299991607666,19.1299991607666,EUR
IWDA.AS,2011-08-31,18.774999618530273,18.774999618530273,EUR
IWDA.AS,2011-09-30,19.934999465942383,19.934999465942383,EUR
IWDA.AS,2011-10-31,19.985000610351562,19.985000610351562,EUR
IWDA.AS,2011-11-30,20.780000686645508,20.780000686645508,EUR
IWDA.AS,2011-12-31,21.565000534057617,21.565000534057617,EUR
IWDA.AS,2012-01-31,22.200000762939453,22.200000762939453,EUR
IWDA.AS,2012-02-29,22.584999084472656,22.584999084472656,EUR
IWDA.AS,2012-03-31,22.395000457763672,22.395000457763672,EUR
IWDA.AS,2012-04-30,21.829999923706055,21.829999923706055,EUR
IWDA.AS,2012-05-31,22.395000457763672,22.395000457763672,EUR
IWDA.AS,2012-06-30,23.450000762939453,23.450000762939453,EUR
IWDA.AS,2012-07-31,23.594999313354492,23.594999313354492,EUR
IWDA.AS,2012-08-31,23.565000534057617,23.565000534057617,EUR
IWDA.AS,2012-09-30,23.235000610351562,23.235000610351562,EUR
IWDA.AS,2012-10-31,23.43000030517578,23.43000030517578,EUR
IWDA.AS,2012-11-30,23.239999771118164,23.239999771118164,EUR
IWDA.AS,2012-12-31,24.075000762939453,24.075000762939453,EUR
IWDA.AS,2013-01-31,24.979999542236328,24.979999542236328,EUR
IWDA.AS,2013-02-28,26.075000762939453,26.075000762939453,EUR
IWDA.AS,2013-03-31,26.174999237060547,26.174999237060547,EUR
IWDA.AS,2013-04-30,26.850000381469727,26.850000381469727,EUR
IWDA.AS,2013-05-31,25.975000381469727,25.975000381469727,EUR
IWDA.AS,2013-06-30,26.850000381469727,26.850000381469727,EUR
IWDA.AS,2013-07-31,26.229999542236328,26.229999542236328,EUR
IWDA.AS,2013-08-31,27.0,27.0,EUR
IWDA.AS,2013-09-30,28.020000457763672,28.020000457763672,EUR
IWDA.AS,2013-10-31,28.3700008392334,28.3700008392334,EUR
IWDA.AS,2013-11-30,28.540000915527344,28.540000915527344,EUR
IWDA.AS,2013-12-31,28.024999618530273,28.024999618530273,EUR
IWDA.AS,2014-01-31,28.915000915527344,28.915000915527344,EUR
IWDA.AS,2014-02-28,28.920000076293945,28.920000076293945,EUR
IWDA.AS,2014-03-31,29.024999618530273,29.024999618530273,EUR
IWDA.AS,2014-04-30,30.084999084472656,30.084999084472656,EUR
IWDA.AS,2014-05-31,30.55500030517578,30.55500030517578,EUR
IWDA.AS,2014-06-30,30.81999969482422,30.81999969482422,EUR
IWDA.AS,2014-07-31,31.934999465942383,31.934999465942383,EUR
IWDA.AS,2014-08-31,32.53499984741211,32.53499984741211,EUR
IWDA.AS,2014-09-30,32.91999816894531,32.91999816894531,EUR
IWDA.AS,2014-10-31,33.849998474121094,33.849998474121094,EUR
IWDA.AS,2014-11-30,34.3650016784668,34.3650016784668,EUR
IWDA.AS,2014-12-31,36.11000061035156,36.11000061035156,EUR
IWDA.AS,2015-01-31,38.39500045776367,38.39500045776367,EUR
IWDA.AS,2015-02-28,39.560001373291016,39.560001373291016,EUR
IWDA.AS,2015-03-31,38.8849983215332,38.8849983215332,EUR
IWDA.AS,2015-04-30,39.54999923706055,39.54999923706055,EUR
IWDA.AS,2015-05-31,38.119998931884766,38.119998931884766,EUR
IWDA.AS,2015-06-30,39.275001525878906,39.275001525878906,EUR
IWDA.AS,2015-07-31,36.099998474121094,36.099998474121094,EUR
IWDA.AS,2015-08-31,34.84000015258789,34.84000015258789,EUR
IWDA.AS,2015-09-30,38.150001525878906,38.150001525878906,EUR
IWDA.AS,2015-10-31,39.650001525878906,39.650001525878906,EUR
IWDA.AS,2015-11-30,37.90999984741211,37.90999984741211,EUR
IWDA.AS,2015-12-31,35.470001220703125,35.470001220703125,EUR
IWDA.AS,2016-01-31,35.55500030517578,35.55500030517578,EUR
IWDA.AS,2016-02-29,35.98500061035156,35.98500061035156,EUR
IWDA.AS,2016-03-31,36.05500030517578,36.05500030517578,EUR
IWDA.AS,2016-04-30,37.525001525878906,37.525001525878906,EUR
IWDA.AS,2016-05-31,37.11000061035156,37.11000061035156,EUR
IWDA.AS,2016-06-30,38.564998626708984,38.564998626708984,EUR
IWDA.AS,2016-07-31,38.67499923706055,38.67499923706055,EUR
IWDA.AS,2016-08-31,38.70000076293945,38.70000076293945,EUR
IWDA.AS,2016-09-30,38.904998779296875,38.904998779296875,EUR
IWDA.AS,2016-10-31,41.01499938964844,41.01499938964844,EUR
IWDA.AS,2016-11-30,42.029998779296875,42.029998779296875,EUR
IWDA.AS,2016-12-31,41.78499984741211,41.78499984741211,EUR
IWDA.AS,2017-01-31,43.880001068115234,43.880001068115234,EUR
IWDA.AS,2017-02-28,44.09000015258789,44.09000015258789,EUR
IWDA.AS,2017-03-31,43.78499984741211,43.78499984741211,EUR
IWDA.AS,2017-04-30,43.310001373291016,43.310001373291016,EUR
IWDA.AS,2017-05-31,42.880001068115234,42.880001068115234,EUR
IWDA.AS,2017-06-30,42.540000915527344,42.540000915527344,EUR
IWDA.AS,2017-07-31,42.185001373291016,42.185001373291016,EUR
IWDA.AS,2017-08-31,43.41999816894531,43.41999816894531,EUR
IWDA.AS,2017-09-30,44.96500015258789,44.96500015258789,EUR
IWDA.AS,2017-10-31,44.810001373291016,44.810001373291016,EUR
IWDA.AS,2017-11-30,45.18000030517578,45.18000030517578,EUR
IWDA.AS,2017-12-31,45.875,45.875,EUR
IWDA.AS,2018-01-31,45.01499938964844,45.01499938964844,EUR
IWDA.AS,2018-02-28,43.41999816894531,43.41999816894531,EUR
IWDA.AS,2018-03-31,45.07500076293945,45.07500076293945,EUR
IWDA.AS,2018-04-30,46.709999084472656,46.709999084472656,EUR
IWDA.AS,2018-05-31,46.80500030517578,46.80500030517578,EUR
IWDA.AS,2018-06-30,47.95000076293945,47.95000076293945,EUR
IWDA.AS,2018-07-31,48.900001525878906,48.900001525878906,EUR
IWDA.AS,2018-08-31,49.224998474121094,49.224998474121094,EUR
IWDA.AS,2018-09-30,46.82500076293945,46.82500076293945,EUR
IWDA.AS,2018-10-31,47.025001525878906,47.025001525878906,EUR
IWDA.AS,2018-11-30,43.29999923706055,43.29999923706055,EUR
IWDA.AS,2018-12-31,46.5,46.5,EUR
IWDA.AS,2019-01-31,48.34000015258789,48.34000015258789,EUR
IWDA.AS,2019-02-28,49.53499984741211,49.53499984741211,EUR
IWDA.AS,2019-03-31,51.345001220703125,51.345001220703125,EUR
IWDA.AS,2019-04-30,48.89500045776367,48.89500045776367,EUR
IWDA.AS,2019-05-31,50.79999923706055,50.79999923706055,EUR
IWDA.AS,2019-06-30,52.650001525878906,52.650001525878906,EUR
IWDA.AS,2019-07-31,51.7599983215332,51.7599983215332,EUR
IWDA.AS,2019-08-31,53.459999084472656,53.459999084472656,EUR
IWDA.AS,2019-09-30,53.38999938964844,53.38999938964844,EUR
IWDA.AS,2019-10-31,55.7400016784668,55.7400016784668,EUR
IWDA.AS,2019-11-30,56.11000061035156,56.11000061035156,EUR
IWDA.AS,2019-12-31,56.689998626708984,56.689998626708984,EUR
IWDA.AS,2020-01-31,51.78499984741211,51.78499984741211,EUR
IWDA.AS,2020-02-29,46.13999938964844,46.13999938964844,EUR
IWDA.AS,2020-03-31,50.51499938964844,50.51499938964844,EUR
IWDA.AS,2020-04-30,51.77000045776367,51.77000045776367,EUR
IWDA.AS,2020-05-31,52.70000076293945,52.70000076293945,EUR
IWDA.AS,2020-06-30,52.560001373291016,52.560001373291016,EUR
IWDA.AS,2020-07-31,55.625,55.625,EUR
IWDA.AS,2020-08-31,54.959999084472656,54.959999084472656,EUR
IWDA.AS,2020-09-30,53.51499938964844,53.51499938964844,EUR
IWDA.AS,2020-10-31,58.58000183105469,58.58000183105469,EUR
IWDA.AS,2020-11-30,59.59000015258789,59.59000015258789,EUR
IWDA.AS,2020-12-31,59.970001220703125,59.970001220703125,EUR
IWDA.AS,2021-01-31,61.81999969482422,61.81999969482422,EUR
IWDA.AS,2021-02-28,65.66999816894531,65.66999816894531,EUR
IWDA.AS,2021-03-31,66.9800033569336,66.9800033569336,EUR
IWDA.AS,2021-04-30,66.74500274658203,66.74500274658203,EUR
IWDA.AS,2021-05-31,69.91000366210938,69.91000366210938,EUR
IWDA.AS,2021-06-30,71.30500030517578,71.30500030517578,EUR
IWDA.AS,2021-07-31,73.37999725341797,73.37999725341797,EUR
IWDA.AS,2021-08-31,72.0,72.0,EUR
IWDA.AS,2021-09-30,75.74500274658203,75.74500274658203,EUR
IWDA.AS,2021-10-31,76.32499694824219,76.32499694824219,EUR
IWDA.AS,2021-11-30,78.9800033569336,78.9800033569336,EUR
IWDA.AS,2021-12-31,74.99500274658203,74.99500274658203,EUR
IWDA.AS,2022-01-31,73.54499816894531,73.54499816894531,EUR
IWDA.AS,2022-02-28,77.0999984741211,77.0999984741211,EUR
IWDA.AS,2022-03-31,75.05999755859375,75.05999755859375,EUR
IWDA.AS,2022-04-30,72.48999786376953,72.48999786376953,EUR
IWDA.AS,2022-05-31,67.90499877929688,67.90499877929688,EUR
IWDA.AS,2022-06-30,74.84500122070312,74.84500122070312,EUR
IWDA.AS,2022-07-31,73.30999755859375,73.30999755859375,EUR
IWDA.AS,2022-08-31,69.30000305175781,69.30000305175781,EUR
IWDA.AS,2022-09-30,72.33999633789062,72.33999633789062,EUR
IWDA.AS,2022-10-31,72.57499694824219,72.57499694824219,EUR
IWDA.AS,2022-11-30,68.28500366210938,68.28500366210938,EUR
IWDA.AS,2022-12-31,71.79000091552734,71.79000091552734,EUR
IWDA.AS,2023-01-31,72.25499725341797,72.25499725341797,EUR
IWDA.AS,2023-02-28,72.36499786376953,72.36499786376953,EUR
IWDA.AS,2023-03-31,72.55500030517578,72.55500030517578,EUR
IWDA.AS,2023-04-30,74.3499984741211,74.3499984741211,EUR
IWDA.AS,2023-05-31,77.19499969482422,77.19499969482422,EUR
IWDA.AS,2023-06-30,78.98999786376953,78.98999786376953,EUR
IWDA.AS,2023-07-31,78.53500366210938,78.53500366210938,EUR
IWDA.AS,2023-08-31,77.29000091552734,77.29000091552734,EUR
IWDA.AS,2023-09-30,74.67500305175781,74.67500305175781,EUR
IWDA.AS,2023-10-31,78.97000122070312,78.97000122070312,EUR
IWDA.AS,2023-11-30,81.87000274658203,81.87000274658203,EUR
IWDA.AS,2023-12-31,85.01499938964844,85.01499938964844,EUR
IWDA.AS,2024-01-31,88.18000030517578,88.18000030517578,EUR
IWDA.AS,2024-02-29,91.44499969482422,91.44499969482422,EUR
IWDA.AS,2024-03-31,89.57499694824219,89.57499694824219,EUR
IWDA.AS,2024-04-30,90.66999816894531,90.66999816894531,EUR
IWDA.AS,2024-05-31,95.19000244140625,95.19000244140625,EUR
IWDA.AS,2024-06-30,95.38999938964844,95.38999938964844,EUR
IWDA.AS,2024-07-31,95.08000183105469,95.08000183105469,EUR
IWDA.AS,2024-08-31,96.36499786376953,96.36499786376953,EUR
IWDA.AS,2024-09-30,97.55000305175781,97.55000305175781,EUR
IWDA.AS,2024-10-31,104.83000183105469,104.83000183105469,EUR
IWDA.AS,2024-11-30,104.16000366210938,104.16000366210938,EUR
IWDA.AS,2024-12-31,108.18000030517578,108.18000030517578,EUR
IWDA.AS,2025-01-31,105.44499969482422,105.44499969482422,EUR
IWDA.AS,2025-02-28,97.125,97.125,EUR
IWDA.AS,2025-03-31,93.33000183105469,93.33000183105469,EUR
IWDA.AS,2025-04-30,99.2750015258789,99.2750015258789,EUR
IWDA.AS,2025-05-31,100.1449966430664,100.1449966430664,EUR
IWDA.AS,2025-06-30,104.93499755859375,104.93499755859375,EUR
IWDA.AS,2025-07-31,104.58999633789062,104.58999633789062,EUR
IWDA.AS,2025-08-31,107.22000122070312,107.22000122070312,EUR
IWDA.AS,2025-09-30,111.78500366210938,111.78500366210938,EUR
IWDA.AS,2025-10-31,111.4000015258789,111.4000015258789,EUR
IWDA.AS,2025-11-30,111.52999877929688,111.52999877929688,EUR
IWDA.AS,2025-12-31,112.19000244140625,112.19000244140625,EUR
IWDA.AS,2026-01-31,113.57499694824219,113.57499694824219,EUR
IWDA.AS,2026-02-28,108.05500030517578,108.05500030517578,EUR
IWDA.AS,2026-03-31,117.05500030517578,117.05500030517578,EUR
IWDA.AS,2026-04-30,123.37999725341797,123.37999725341797,EUR
IWDA.AS,2026-05-31,125.12999725341797,125.12999725341797,EUR
IWDA.AS,2026-06-30,124.2300033569336,124.2300033569336,EUR
IWDA.AS,2026-07-31,126.77999877929688,126.77999877929688,EUR
IWDA.AS,2026-08-31,129.10000610351562,129.10000610351562,EUR
IBCI.AS,2007-12-31,164.10000610351562,164.10000610351562,EUR
IBCI.AS,2008-01-31,165.7010040283203,165.7010040283203,EUR
IBCI.AS,2008-02-29,164.41700744628906,164.41700744628906,EUR
IBCI.AS,2008-03-31,163.6490020751953,163.6490020751953,EUR
IBCI.AS,2008-04-30,163.78599548339844,163.78599548339844,EUR
IBCI.AS,2008-05-31,163.73599243164062,163.73599243164062,EUR
IBCI.AS,2008-06-30,164.82000732421875,164.82000732421875,EUR
IBCI.AS,2008-07-31,166.2239990234375,166.2239990234375,EUR
IBCI.AS,2008-08-31,164.72500610351562,164.72500610351562,EUR
IBCI.AS,2008-09-30,155.50599670410156,155.50599670410156,EUR
IBCI.AS,2008-10-31,157.6750030517578,157.6750030517578,EUR
IBCI.AS,2008-11-30,165.33999633789062,165.33999633789062,EUR
IBCI.AS,2008-12-31,164.8000030517578,164.8000030517578,EUR
IBCI.AS,2009-01-31,162.33999633789062,162.33999633789062,EUR
IBCI.AS,2009-02-28,166.4499969482422,166.4499969482422,EUR
IBCI.AS,2009-03-31,169.55999755859375,169.55999755859375,EUR
IBCI.AS,2009-04-30,170.5,170.5,EUR
IBCI.AS,2009-05-31,171.9199981689453,171.9199981689453,EUR
IBCI.AS,2009-06-30,174.17999267578125,174.17999267578125,EUR
IBCI.AS,2009-07-31,176.25,176.25,EUR
IBCI.AS,2009-08-31,177.8300018310547,177.8300018310547,EUR
IBCI.AS,2009-09-30,176.6699981689453,176.6699981689453,EUR
IBCI.AS,2009-10-31,178.38999938964844,178.38999938964844,EUR
IBCI.AS,2009-11-30,179.13999938964844,179.13999938964844,EUR
IBCI.AS,2009-12-31,176.6300048828125,176.6300048828125,EUR
IBCI.AS,2010-01-31,177.0399932861328,177.0399932861328,EUR
IBCI.AS,2010-02-28,181.11000061035156,181.11000061035156,EUR
IBCI.AS,2010-03-31,181.67999267578125,181.67999267578125,EUR
IBCI.AS,2010-04-30,183.22999572753906,183.22999572753906,EUR
IBCI.AS,2010-05-31,180.72999572753906,180.72999572753906,EUR
IBCI.AS,2010-06-30,183.19000244140625,183.19000244140625,EUR
IBCI.AS,2010-07-31,187.10000610351562,187.10000610351562,EUR
IBCI.AS,2010-08-31,185.0,185.0,EUR
IBCI.AS,2010-09-30,185.25,185.25,EUR
IBCI.AS,2010-10-31,178.33999633789062,178.33999633789062,EUR
IBCI.AS,2010-11-30,179.92999267578125,179.92999267578125,EUR
IBCI.AS,2010-12-31,180.17999267578125,180.17999267578125,EUR
IBCI.AS,2011-01-31,181.3300018310547,181.3300018310547,EUR
IBCI.AS,2011-02-28,181.77999877929688,181.77999877929688,EUR
IBCI.AS,2011-03-31,183.4600067138672,183.4600067138672,EUR
IBCI.AS,2011-04-30,185.64999389648438,185.64999389648438,EUR
IBCI.AS,2011-05-31,185.00999450683594,185.00999450683594,EUR
IBCI.AS,2011-06-30,182.72000122070312,182.72000122070312,EUR
IBCI.AS,2011-07-31,182.75999450683594,182.75999450683594,EUR
IBCI.AS,2011-08-31,181.00999450683594,181.00999450683594,EUR
IBCI.AS,2011-09-30,176.83999633789062,176.83999633789062,EUR
IBCI.AS,2011-10-31,168.3000030517578,168.3000030517578,EUR
IBCI.AS,2011-11-30,177.66000366210938,177.66000366210938,EUR
IBCI.AS,2011-12-31,181.50999450683594,181.50999450683594,EUR
IBCI.AS,2012-01-31,189.60000610351562,189.60000610351562,EUR
IBCI.AS,2012-02-29,188.22999572753906,188.22999572753906,EUR
IBCI.AS,2012-03-31,186.86000061035156,186.86000061035156,EUR
IBCI.AS,2012-04-30,187.4600067138672,187.4600067138672,EUR
IBCI.AS,2012-05-31,186.02999877929688,186.02999877929688,EUR
IBCI.AS,2012-06-30,192.42999267578125,192.42999267578125,EUR
IBCI.AS,2012-07-31,193.10000610351562,193.10000610351562,EUR
IBCI.AS,2012-08-31,193.50999450683594,193.50999450683594,EUR
IBCI.AS,2012-09-30,192.6300048828125,192.6300048828125,EUR
IBCI.AS,2012-10-31,194.99000549316406,194.99000549316406,EUR
IBCI.AS,2012-11-30,196.80999755859375,196.80999755859375,EUR
IBCI.AS,2012-12-31,193.9199981689453,193.9199981689453,EUR
IBCI.AS,2013-01-31,193.99000549316406,193.99000549316406,EUR
IBCI.AS,2013-02-28,194.75999450683594,194.75999450683594,EUR
IBCI.AS,2013-03-31,197.60000610351562,197.60000610351562,EUR
IBCI.AS,2013-04-30,194.77000427246094,194.77000427246094,EUR
IBCI.AS,2013-05-31,189.27999877929688,189.27999877929688,EUR
IBCI.AS,2013-06-30,191.0,191.0,EUR
IBCI.AS,2013-07-31,188.52999877929688,188.52999877929688,EUR
IBCI.AS,2013-08-31,190.1999969482422,190.1999969482422,EUR
IBCI.AS,2013-09-30,191.5,191.5,EUR
IBCI.AS,2013-10-31,190.5500030517578,190.5500030517578,EUR
IBCI.AS,2013-11-30,188.8800048828125,188.8800048828125,EUR
IBCI.AS,2013-12-31,190.5399932861328,190.5399932861328,EUR
IBCI.AS,2014-01-31,190.60000610351562,190.60000610351562,EUR
IBCI.AS,2014-02-28,191.41000366210938,191.41000366210938,EUR
IBCI.AS,2014-03-31,193.30999755859375,193.30999755859375,EUR
IBCI.AS,2014-04-30,195.3800048828125,195.3800048828125,EUR
IBCI.AS,2014-05-31,196.99000549316406,196.99000549316406,EUR
IBCI.AS,2014-06-30,198.4499969482422,198.4499969482422,EUR
IBCI.AS,2014-07-31,200.7100067138672,200.7100067138672,EUR
IBCI.AS,2014-08-31,199.5500030517578,199.5500030517578,EUR
IBCI.AS,2014-09-30,199.52000427246094,199.52000427246094,EUR
IBCI.AS,2014-10-31,199.63999938964844,199.63999938964844,EUR
IBCI.AS,2014-11-30,198.5800018310547,198.5800018310547,EUR
IBCI.AS,2014-12-31,202.99000549316406,202.99000549316406,EUR
IBCI.AS,2015-01-31,205.13999938964844,205.13999938964844,EUR
IBCI.AS,2015-02-28,207.91000366210938,207.91000366210938,EUR
IBCI.AS,2015-03-31,206.19000244140625,206.19000244140625,EUR
IBCI.AS,2015-04-30,202.44000244140625,202.44000244140625,EUR
IBCI.AS,2015-05-31,198.24000549316406,198.24000549316406,EUR
IBCI.AS,2015-06-30,201.5,201.5,EUR
IBCI.AS,2015-07-31,196.92999267578125,196.92999267578125,EUR
IBCI.AS,2015-08-31,198.08999633789062,198.08999633789062,EUR
IBCI.AS,2015-09-30,202.60000610351562,202.60000610351562,EUR
IBCI.AS,2015-10-31,204.89999389648438,204.89999389648438,EUR
IBCI.AS,2015-11-30,199.82000732421875,199.82000732421875,EUR
IBCI.AS,2015-12-31,201.0800018310547,201.0800018310547,EUR
IBCI.AS,2016-01-31,199.19000244140625,199.19000244140625,EUR
IBCI.AS,2016-02-29,202.16000366210938,202.16000366210938,EUR
IBCI.AS,2016-03-31,201.82000732421875,201.82000732421875,EUR
IBCI.AS,2016-04-30,203.50999450683594,203.50999450683594,EUR
IBCI.AS,2016-05-31,206.32000732421875,206.32000732421875,EUR
IBCI.AS,2016-06-30,208.5500030517578,208.5500030517578,EUR
IBCI.AS,2016-07-31,207.9600067138672,207.9600067138672,EUR
IBCI.AS,2016-08-31,209.1999969482422,209.1999969482422,EUR
IBCI.AS,2016-09-30,205.41000366210938,205.41000366210938,EUR
IBCI.AS,2016-10-31,202.75,202.75,EUR
IBCI.AS,2016-11-30,207.2899932861328,207.2899932861328,EUR
IBCI.AS,2016-12-31,203.32000732421875,203.32000732421875,EUR
IBCI.AS,2017-01-31,204.25999450683594,204.25999450683594,EUR
IBCI.AS,2017-02-28,201.4499969482422,201.4499969482422,EUR
IBCI.AS,2017-03-31,203.52999877929688,203.52999877929688,EUR
IBCI.AS,2017-04-30,203.9199981689453,203.9199981689453,EUR
IBCI.AS,2017-05-31,203.4199981689453,203.4199981689453,EUR
IBCI.AS,2017-06-30,205.2100067138672,205.2100067138672,EUR
IBCI.AS,2017-07-31,206.7899932861328,206.7899932861328,EUR
IBCI.AS,2017-08-31,205.9499969482422,205.9499969482422,EUR
IBCI.AS,2017-09-30,209.02000427246094,209.02000427246094,EUR
IBCI.AS,2017-10-31,210.77000427246094,210.77000427246094,EUR
IBCI.AS,2017-11-30,209.5500030517578,209.5500030517578,EUR
IBCI.AS,2017-12-31,208.39999389648438,208.39999389648438,EUR
IBCI.AS,2018-01-31,208.91000366210938,208.91000366210938,EUR
IBCI.AS,2018-02-28,211.47000122070312,211.47000122070312,EUR
IBCI.AS,2018-03-31,211.66000366210938,211.66000366210938,EUR
IBCI.AS,2018-04-30,208.74000549316406,208.74000549316406,EUR
IBCI.AS,2018-05-31,210.4600067138672,210.4600067138672,EUR
IBCI.AS,2018-06-30,209.74000549316406,209.74000549316406,EUR
IBCI.AS,2018-07-31,207.74000549316406,207.74000549316406,EUR
IBCI.AS,2018-08-31,207.5500030517578,207.5500030517578,EUR
IBCI.AS,2018-09-30,206.13999938964844,206.13999938964844,EUR
IBCI.AS,2018-10-31,205.8000030517578,205.8000030517578,EUR
IBCI.AS,2018-11-30,205.99000549316406,205.99000549316406,EUR
IBCI.AS,2018-12-31,207.72999572753906,207.72999572753906,EUR
IBCI.AS,2019-01-31,206.00999450683594,206.00999450683594,EUR
IBCI.AS,2019-02-28,208.61000061035156,208.61000061035156,EUR
IBCI.AS,2019-03-31,209.6300048828125,209.6300048828125,EUR
IBCI.AS,2019-04-30,209.6199951171875,209.6199951171875,EUR
IBCI.AS,2019-05-31,214.2899932861328,214.2899932861328,EUR
IBCI.AS,2019-06-30,220.44000244140625,220.44000244140625,EUR
IBCI.AS,2019-07-31,223.3800048828125,223.3800048828125,EUR
IBCI.AS,2019-08-31,222.17999267578125,222.17999267578125,EUR
IBCI.AS,2019-09-30,221.3699951171875,221.3699951171875,EUR
IBCI.AS,2019-10-31,219.74000549316406,219.74000549316406,EUR
IBCI.AS,2019-11-30,219.4199981689453,219.4199981689453,EUR
IBCI.AS,2019-12-31,223.55999755859375,223.55999755859375,EUR
IBCI.AS,2020-01-31,220.58999633789062,220.58999633789062,EUR
IBCI.AS,2020-02-29,208.42999267578125,208.42999267578125,EUR
IBCI.AS,2020-03-31,209.52000427246094,209.52000427246094,EUR
IBCI.AS,2020-04-30,210.58999633789062,210.58999633789062,EUR
IBCI.AS,2020-05-31,215.33999633789062,215.33999633789062,EUR
IBCI.AS,2020-06-30,219.16000366210938,219.16000366210938,EUR
IBCI.AS,2020-07-31,218.50999450683594,218.50999450683594,EUR
IBCI.AS,2020-08-31,218.6699981689453,218.6699981689453,EUR
IBCI.AS,2020-09-30,220.77000427246094,220.77000427246094,EUR
IBCI.AS,2020-10-31,224.1699981689453,224.1699981689453,EUR
IBCI.AS,2020-11-30,225.55999755859375,225.55999755859375,EUR
IBCI.AS,2020-12-31,226.25999450683594,226.25999450683594,EUR
IBCI.AS,2021-01-31,223.1199951171875,223.1199951171875,EUR
IBCI.AS,2021-02-28,228.11000061035156,228.11000061035156,EUR
IBCI.AS,2021-03-31,226.66000366210938,226.66000366210938,EUR
IBCI.AS,2021-04-30,228.39999389648438,228.39999389648438,EUR
IBCI.AS,2021-05-31,228.83999633789062,228.83999633789062,EUR
IBCI.AS,2021-06-30,234.97999572753906,234.97999572753906,EUR
IBCI.AS,2021-07-31,234.5,234.5,EUR
IBCI.AS,2021-08-31,235.32000732421875,235.32000732421875,EUR
IBCI.AS,2021-09-30,235.52000427246094,235.52000427246094,EUR
IBCI.AS,2021-10-31,238.74000549316406,238.74000549316406,EUR
IBCI.AS,2021-11-30,239.85000610351562,239.85000610351562,EUR
IBCI.AS,2021-12-31,237.9199981689453,237.9199981689453,EUR
IBCI.AS,2022-01-31,238.13999938964844,238.13999938964844,EUR
IBCI.AS,2022-02-28,243.17999267578125,243.17999267578125,EUR
IBCI.AS,2022-03-31,240.74000549316406,240.74000549316406,EUR
IBCI.AS,2022-04-30,231.74000549316406,231.74000549316406,EUR
IBCI.AS,2022-05-31,224.50999450683594,224.50999450683594,EUR
IBCI.AS,2022-06-30,236.9600067138672,236.9600067138672,EUR
IBCI.AS,2022-07-31,226.16000366210938,226.16000366210938,EUR
IBCI.AS,2022-08-31,212.69000244140625,212.69000244140625,EUR
IBCI.AS,2022-09-30,219.52000427246094,219.52000427246094,EUR
IBCI.AS,2022-10-31,227.25999450683594,227.25999450683594,EUR
IBCI.AS,2022-11-30,215.88999938964844,215.88999938964844,EUR
IBCI.AS,2022-12-31,219.82000732421875,219.82000732421875,EUR
IBCI.AS,2023-01-31,219.4199981689453,219.4199981689453,EUR
IBCI.AS,2023-02-28,222.47000122070312,222.47000122070312,EUR
IBCI.AS,2023-03-31,222.74000549316406,222.74000549316406,EUR
IBCI.AS,2023-04-30,224.6300048828125,224.6300048828125,EUR
IBCI.AS,2023-05-31,223.69000244140625,223.69000244140625,EUR
IBCI.AS,2023-06-30,224.85000610351562,224.85000610351562,EUR
IBCI.AS,2023-07-31,224.25999450683594,224.25999450683594,EUR
IBCI.AS,2023-08-31,216.55999755859375,216.55999755859375,EUR
IBCI.AS,2023-09-30,216.91000366210938,216.91000366210938,EUR
IBCI.AS,2023-10-31,222.72999572753906,222.72999572753906,EUR
IBCI.AS,2023-11-30,228.1199951171875,228.1199951171875,EUR
IBCI.AS,2023-12-31,226.47000122070312,226.47000122070312,EUR
IBCI.AS,2024-01-31,225.30999755859375,225.30999755859375,EUR
IBCI.AS,2024-02-29,227.3300018310547,227.3300018310547,EUR
IBCI.AS,2024-03-31,226.08999633789062,226.08999633789062,EUR
IBCI.AS,2024-04-30,225.19000244140625,225.19000244140625,EUR
IBCI.AS,2024-05-31,223.67999267578125,223.67999267578125,EUR
IBCI.AS,2024-06-30,227.74000549316406,227.74000549316406,EUR
IBCI.AS,2024-07-31,226.67999267578125,226.67999267578125,EUR
IBCI.AS,2024-08-31,229.88999938964844,229.88999938964844,EUR
IBCI.AS,2024-09-30,227.92999267578125,227.92999267578125,EUR
IBCI.AS,2024-10-31,231.99000549316406,231.99000549316406,EUR
IBCI.AS,2024-11-30,228.52999877929688,228.52999877929688,EUR
IBCI.AS,2024-12-31,229.72000122070312,229.72000122070312,EUR
IBCI.AS,2025-01-31,230.08999633789062,230.08999633789062,EUR
IBCI.AS,2025-02-28,226.88999938964844,226.88999938964844,EUR
IBCI.AS,2025-03-31,229.57000732421875,229.57000732421875,EUR
IBCI.AS,2025-04-30,230.36000061035156,230.36000061035156,EUR
IBCI.AS,2025-05-31,231.47000122070312,231.47000122070312,EUR
IBCI.AS,2025-06-30,230.99000549316406,230.99000549316406,EUR
IBCI.AS,2025-07-31,228.77000427246094,228.77000427246094,EUR
IBCI.AS,2025-08-31,230.0800018310547,230.0800018310547,EUR
IBCI.AS,2025-09-30,232.4199981689453,232.4199981689453,EUR
IBCI.AS,2025-10-31,232.1300048828125,232.1300048828125,EUR
IBCI.AS,2025-11-30,230.0500030517578,230.0500030517578,EUR
IBCI.AS,2025-12-31,234.08999633789062,234.08999633789062,EUR
IBCI.AS,2026-01-31,236.3800048828125,236.3800048828125,EUR
IBCI.AS,2026-02-28,233.9199981689453,233.9199981689453,EUR
IBCI.AS,2026-03-31,236.77999877929688,236.77999877929688,EUR
IBCI.AS,2026-04-30,238.4499969482422,238.4499969482422,EUR
IBCI.AS,2026-05-31,237.9600067138672,237.9600067138672,EUR
IBCI.AS,2026-06-30,235.6199951171875,235.6199951171875,EUR
IBCI.AS,2026-07-31,235.14999389648438,235.14999389648438,EUR
IBCI.AS,2026-08-31,230.55999755859375,230.55999755859375,EUR
